Ticker,Return_12M,FIP,Pct_52WH,RVol_20D,Return_6M,Return_3M,Above_SMA20,Above_SMA50,Position
MU,453.5,0.0696,-10.3,45.4,158.1,11.1,True,True,1
WDC,302.1,0.1304,-45.7,64.9,20.0,-30.4,False,False,2
DD,287.8,0.0348,-11.1,19.5,176.4,-2.7,True,False,3
DELL,254.8,0.0609,-1.6,66.4,219.1,33.1,True,True,4
INTC,185.8,0.0391,-19.8,69.6,83.2,2.9,False,True,5
TER,173.8,0.1739,-14.9,72.1,13.1,14.5,True,True,6
MRVL,170.2,0.0478,-10.0,51.5,137.4,20.7,True,True,7
AMD,146.4,0.0696,-0.5,50.9,172.9,15.8,True,True,8
VLO,138.4,0.0957,0.0,38.9,80.4,51.1,True,True,9
HPE,136.5,0.1,0.0,74.2,190.3,48.5,True,True,10
LRCX,125.0,0.087,-24.0,52.3,27.3,-5.9,True,True,11
AMAT,121.6,0.1478,-28.0,47.9,30.9,-13.6,True,True,12
MPC,108.5,0.1174,0.0,38.1,97.9,55.9,True,True,13
GLW,98.0,0.0783,-36.2,72.2,-3.9,-14.5,True,True,14
FIX,97.8,0.1478,-15.7,48.9,10.6,-0.8,True,True,15
PSX,97.0,0.087,-0.9,29.5,68.6,44.2,True,True,16
FLEX,96.8,0.0696,-26.4,47.5,59.1,-12.1,True,True,17
NTRA,96.0,0.0783,-7.1,45.2,94.9,46.5,True,True,18
KEYS,94.6,0.1435,-1.7,37.8,18.1,18.4,True,True,19
NUE,89.9,0.1739,-10.3,37.8,33.9,8.4,False,False,20
FCX,87.3,0.1217,-10.1,26.7,8.1,16.8,True,True,21
FTNT,85.1,0.1043,-1.0,41.6,134.7,20.2,True,True,22
TGT,76.5,0.1043,-11.2,23.2,21.7,11.7,False,False,23
USD,75.8,0.1565,-9.5,54.4,74.2,6.0,True,True,24
TRGP,75.1,0.1478,-6.1,23.2,16.0,3.9,True,True,25
STLD,68.6,0.1217,-17.5,35.6,23.2,2.5,False,False,26
MRK,68.4,0.0435,-8.7,22.0,16.4,15.6,False,False,27
CAT,67.6,0.1043,-23.6,34.1,3.4,-14.6,False,False,28
SLB,65.8,0.0478,-20.2,32.6,-8.7,0.4,False,False,29
VRT,65.5,0.0609,-34.5,45.5,-14.3,-22.7,False,False,30
STT,64.2,0.2087,-10.3,17.2,25.8,-3.3,False,False,31
PANW,58.8,0.0565,-3.4,61.1,142.9,24.4,True,True,32
CSCO,58.6,0.113,-9.7,34.4,41.1,-3.2,True,True,33
GEV,56.9,0.0217,-15.1,46.7,3.0,-8.7,True,True,34
NTAP,56.6,-0.013,0.0,45.7,146.4,39.6,True,True,35
ADI,56.2,0.0957,-7.9,35.2,16.7,3.6,True,True,36
JBL,53.7,0.113,-22.3,55.1,2.2,-9.3,False,False,37
PSTG,53.5,0.0478,-31.3,49.8,-26.8,-6.3,True,True,38
CAH,53.2,0.0957,-6.6,21.5,7.6,-1.5,True,False,39
HAL,52.9,0.0522,-26.1,25.3,-15.8,-7.7,False,False,40
BK,50.8,0.2087,-0.6,16.8,27.6,16.1,True,True,41
ROST,49.8,0.1478,-11.6,20.3,0.3,1.2,False,False,42
WBD,48.8,-0.0435,0.0,40.3,13.1,18.4,True,True,43
PWR,48.7,0.1043,-10.7,39.1,20.4,6.5,True,True,44
NEM,48.0,0.1304,-16.0,30.6,-4.6,19.2,False,False,45
TXN,47.7,0.0261,-13.0,30.3,34.4,-7.2,True,True,46
ON,47.4,0.0304,-38.4,66.4,20.5,-14.0,True,True,47
DE,46.7,0.0522,-7.4,26.8,6.3,11.9,False,True,48
GM,46.3,0.0391,-10.3,40.2,5.6,4.0,False,False,49
DDOG,45.8,-0.087,-5.8,35.0,149.0,5.4,True,True,50
