,Ticker,Return_6M,Return_3M,Return_1M,Rank_6M,Rank_3M,Rank_1M,Weighted_Rank,Position
83,HPE,196.1,48.2,18.3,3.0,4.0,8.0,5.8,1
10,PLTR,57.9,56.3,25.0,22.0,2.0,3.0,6.5,2
101,NTRA,98.5,47.0,21.8,16.0,5.0,5.0,7.2,3
86,TEAM,237.3,132.1,15.1,1.0,1.0,14.0,7.5,4
93,NTAP,141.0,35.9,19.0,11.0,8.0,7.0,8.1,5
26,PANW,157.6,18.7,26.7,7.0,24.5,2.0,9.75,6
52,MPC,102.0,50.0,14.9,14.0,3.0,15.0,11.2,7
43,NET,96.1,28.1,17.7,17.0,11.5,10.0,11.85,8
51,MRVL,109.7,23.8,16.6,13.0,16.0,11.0,12.9,9
62,FTNT,147.3,16.7,24.8,8.0,32.0,4.0,13.2,10
40,SNOW,174.8,33.7,12.1,5.0,10.0,19.0,13.5,11
107,NTNX,100.1,34.5,13.2,15.0,9.0,16.0,13.7,12
63,VLO,79.2,43.9,11.1,18.0,6.0,20.0,15.4,13
75,A,45.1,26.1,16.1,26.0,13.0,13.0,15.6,14
66,DDOG,166.4,8.3,32.6,6.0,62.0,1.0,20.3,15
15,AMD,146.4,10.9,17.8,9.0,53.0,9.0,22.2,16
58,PSX,73.4,38.1,7.2,19.0,7.0,33.5,22.65,17
91,MTD,15.2,17.9,19.8,64.5,27.0,6.0,24.0,18
108,FFIV,61.0,11.3,16.5,21.0,50.0,12.0,25.2,19
22,ANET,42.6,18.7,8.6,28.0,24.5,26.0,25.95,20
17,TMO,28.0,23.2,7.9,39.5,17.0,29.0,27.5,21
87,KEYS,15.6,17.5,13.0,63.0,29.0,17.0,29.8,22
21,AMGN,18.6,16.8,9.9,56.0,31.0,22.0,31.5,23
89,WBD,13.1,18.4,9.6,67.0,26.0,24.0,33.2,24
73,DELL,208.8,28.1,3.3,2.0,11.5,62.5,35.1,25
9,ABBV,33.9,12.9,7.5,31.0,46.0,32.0,36.0,26
92,MDB,63.4,12.0,6.5,20.0,48.0,38.5,37.65,27
38,EMR,12.0,18.9,6.3,69.0,23.0,40.0,40.7,28
27,DHR,12.2,10.4,9.8,68.0,55.0,23.0,41.6,29
97,WSM,24.9,9.7,6.9,45.0,57.0,35.0,43.6,30
54,USD,50.0,-0.1,10.2,25.0,96.0,21.0,44.3,31
105,BIIB,28.0,17.6,3.9,39.5,28.0,57.0,44.8,32
35,MCK,8.6,16.9,6.5,83.0,30.0,38.5,44.85,33
14,PM,23.6,14.3,5.3,47.0,39.0,48.5,45.35,34
55,PWR,18.5,6.8,8.5,57.0,70.0,27.0,45.9,35
79,HUM,117.9,6.2,5.4,12.0,72.5,47.0,47.65,36
41,JCI,10.2,8.4,7.8,76.0,60.0,30.5,48.45,37
57,BDX,18.2,22.0,3.3,58.5,19.0,62.5,48.65,38
20,MU,141.3,4.7,5.5,10.0,79.0,46.0,48.7,39
109,TER,8.8,14.0,6.0,81.0,40.0,41.0,48.7,40
95,CBOE,1.3,10.6,8.2,104.5,54.0,28.0,51.1,41
23,GILD,8.7,16.2,5.2,82.0,36.0,50.0,52.2,42
110,WST,40.8,2.3,5.7,29.0,86.5,42.5,53.0,43
28,ADI,16.1,3.4,7.2,61.0,81.5,33.5,53.4,44
46,FCX,8.3,19.0,3.7,85.0,22.0,60.5,53.85,45
48,URI,35.5,-0.9,6.8,30.0,100.0,36.0,54.0,46
0,NVDA,21.1,8.3,5.0,53.0,62.0,51.5,54.95,47
12,CSCO,43.8,1.1,5.6,27.0,92.0,44.5,55.25,48
6,V,24.6,8.3,4.0,46.0,62.0,55.0,55.3,49
5,LLY,26.9,2.3,5.7,43.0,86.5,42.5,55.8,50
