,Ticker,Return_12M,Return_6M,Return_3M,Rank_12M,Rank_6M,Rank_3M,Weighted_Rank,Position
255,DELL,254.8,195.0,23.1,4.0,2.0,22.0,7.0,1
204,VLO,138.4,65.4,38.6,9.0,21.0,5.0,11.8,2
176,MPC,108.5,78.7,40.8,13.0,16.0,3.0,11.9,3
292,HPE,136.5,137.2,21.3,10.0,6.0,27.0,12.2,4
189,PSX,97.0,61.9,38.4,16.0,26.0,6.0,17.0,5
374,NTRA,96.0,62.7,22.4,18.0,24.5,23.0,20.95,6
64,MU,453.5,143.8,4.9,1.0,5.0,135.5,29.1,7
287,NUE,89.9,40.2,13.4,20.0,34.0,61.0,32.4,8
148,SNOW,41.2,150.7,26.8,60.0,4.0,18.0,34.8,9
241,TGT,76.5,27.0,16.6,23.0,58.0,41.0,37.1,10
341,NTAP,56.6,93.1,9.4,35.0,14.0,88.0,39.3,11
155,NET,44.5,62.7,17.1,52.0,24.5,39.0,41.15,12
38,MRK,68.4,20.3,19.4,27.0,81.0,32.0,44.2,13
163,FCX,87.3,14.7,23.9,21.0,105.0,20.0,46.0,14
175,MRVL,170.2,96.0,-0.3,7.0,12.0,203.0,47.7,15
140,BK,50.8,26.4,15.0,41.0,61.0,49.0,48.6,16
288,STT,64.2,38.6,6.5,31.0,37.0,122.5,51.1,17
81,PANW,58.8,100.7,2.8,32.0,11.0,162.0,51.7,18
389,CPAY,40.5,32.5,14.8,62.0,44.0,53.0,54.8,19
195,ABNB,41.5,31.3,14.1,58.0,49.0,57.0,55.1,20
202,FTNT,85.1,94.9,-0.2,22.0,13.0,201.5,55.2,21
428,STLD,68.6,26.7,5.4,26.0,59.5,128.5,56.55,22
97,INTC,185.8,72.1,-3.3,5.0,18.0,248.5,57.6,23
291,DD,287.8,169.8,-5.0,3.0,3.0,277.5,57.9,24
274,TRGP,75.1,19.1,6.6,25.0,83.0,120.0,61.4,25
279,IQV,27.9,52.1,23.6,101.5,28.0,21.0,63.35,26
190,SLB,65.8,8.6,19.5,29.0,150.5,30.5,65.75,27
31,AMD,146.4,120.2,-6.6,8.0,8.0,308.0,68.0,28
307,TEAM,18.4,201.5,100.0,137.0,1.0,1.0,69.0,29
322,HPQ,22.0,76.2,33.7,124.0,17.0,12.5,69.6,30
90,COP,43.4,10.6,25.2,55.0,129.0,19.0,70.0,31
122,NEM,48.0,8.2,35.1,45.0,158.0,10.0,71.9,32
91,DE,46.7,9.6,15.4,48.0,136.0,48.0,74.4,33
280,HUM,35.5,102.7,2.0,74.0,10.0,175.0,75.0,34
25,CVX,38.0,12.3,21.2,70.0,117.0,28.0,75.7,35
305,ADM,37.6,23.0,7.6,71.0,67.0,107.5,77.1,36
298,DXCM,27.0,27.7,11.9,106.5,56.0,66.5,83.35,37
423,TER,173.8,5.3,6.7,6.0,190.0,117.0,83.4,38
395,BIIB,38.4,19.0,5.8,68.0,84.5,127.0,84.75,39
404,DGX,29.5,19.0,13.5,95.0,84.5,60.0,84.85,40
182,USD,75.8,51.8,-7.6,24.0,29.0,325.5,85.8,41
68,ANET,32.8,32.1,3.2,83.0,45.5,156.0,86.35,42
106,BMY,44.2,8.3,11.9,53.0,155.5,66.5,86.45,43
179,GM,46.3,9.2,7.6,49.0,142.5,107.5,88.75,44
13,XOM,43.7,5.9,18.3,54.0,183.5,36.5,89.35,45
282,WDC,302.1,42.7,-17.2,2.0,33.0,402.0,91.3,46
165,TRV,28.7,21.0,8.2,98.5,77.5,99.0,92.3,47
264,CAH,53.2,11.2,1.8,39.0,124.5,180.0,92.85,48
342,NTRS,39.4,21.0,0.6,64.0,77.5,194.0,94.05,49
172,REGN,38.5,5.2,21.5,67.0,192.0,26.0,96.3,50
