Date,Bull,Neutral,Bear
7/24/1987,0.36,0.5,0.14
7/31/1987,0.26,0.48,0.26
8/7/1987,0.56,0.15,0.29
8/14/1987,0.45,0.35,0.2
8/21/1987,0.66,0.28,0.06
8/28/1987,0.52,0.18,0.3
9/4/1987,0.42,0.17,0.41
9/11/1987,0.5,0.23,0.27
9/18/1987,0.6,0.29,0.11
9/25/1987,0.53,0.17,0.3
10/2/1987,0.44,0.26,0.3
10/9/1987,0.46,0.39,0.15
10/16/1987,0.37,0.3,0.33
10/23/1987,0.39,0.3,0.31
10/30/1987,0.44,0.23,0.33
11/6/1987,0.47,0.31,0.22
11/13/1987,0.31,0.41,0.28
11/20/1987,0.39,0.42,0.19
11/27/1987,0.27,0.46,0.27
12/4/1987,0.25,0.33,0.42
12/11/1987,0.23,0.45,0.32
12/18/1987,0.33,0.4,0.27
12/24/1987,0.28,0.52,0.2
12/31/1987,0.25,0.49,0.26
1/8/1988,0.34,0.46,0.2
1/15/1988,0.34,0.4,0.26
1/22/1988,0.21,0.48,0.31
1/29/1988,0.26,0.45,0.29
2/5/1988,0.32,0.53,0.15
2/12/1988,0.32,0.46,0.22
2/19/1988,0.27,0.49,0.24
2/26/1988,0.3,0.51,0.19
3/4/1988,0.38,0.4,0.22
3/11/1988,0.43,0.4,0.17
3/18/1988,0.41,0.49,0.1
3/25/1988,0.45,0.38,0.17
4/1/1988,0.35,0.45,0.2
4/8/1988,0.33,0.48,0.19
4/15/1988,0.23,0.53,0.24
4/22/1988,0.23,0.57,0.2
4/29/1988,0.22,0.48,0.3
5/6/1988,0.38,0.42,0.2
5/13/1988,0.19,0.56,0.25
5/20/1988,0.23,0.52,0.25
5/27/1988,0.28,0.52,0.2
6/3/1988,0.26,0.62,0.12
6/10/1988,0.28,0.49,0.23
6/17/1988,0.29,0.5,0.21
6/24/1988,0.33,0.44,0.23
7/1/1988,0.45,0.38,0.17
7/8/1988,0.35,0.5,0.15
7/15/1988,0.26,0.37,0.37
7/22/1988,0.16,0.58,0.26
7/29/1988,0.23,0.54,0.23
8/5/1988,0.21,0.49,0.3
8/12/1988,0.26,0.48,0.26
8/19/1988,0.19,0.53,0.28
8/26/1988,0.28,0.4,0.32
9/2/1988,0.18,0.43,0.39
9/9/1988,0.17,0.52,0.31
9/16/1988,0.24,0.46,0.3
9/23/1988,0.2,0.53,0.27
9/30/1988,0.26,0.44,0.3
10/7/1988,0.13,0.49,0.38
10/14/1988,0.22,0.46,0.32
10/21/1988,0.26,0.51,0.23
10/28/1988,0.4,0.38,0.22
11/4/1988,0.35,0.46,0.19
11/11/1988,0.23,0.56,0.21
11/18/1988,0.3,0.34,0.36
11/25/1988,0.17,0.44,0.39
12/2/1988,0.19,0.47,0.34
12/9/1988,0.17,0.44,0.39
12/16/1988,0.24,0.54,0.22
12/23/1988,0.22,0.46,0.32
12/30/1988,0.24,0.54,0.22
1/6/1989,0.26,0.51,0.23
1/13/1989,0.36,0.44,0.2
1/20/1989,0.36,0.47,0.17
1/27/1989,0.32,0.49,0.19
2/3/1989,0.33,0.44,0.23
2/10/1989,0.43,0.31,0.26
2/17/1989,0.42,0.41,0.17
2/24/1989,0.29,0.45,0.26
3/3/1989,0.29,0.35,0.36
3/10/1989,0.13,0.52,0.35
3/17/1989,0.28,0.43,0.29
3/23/1989,0.29,0.41,0.3
3/31/1989,0.18,0.42,0.4
4/7/1989,0.23,0.45,0.32
4/14/1989,0.25,0.42,0.33
4/21/1989,0.21,0.51,0.28
4/28/1989,0.31,0.4,0.29
5/5/1989,0.3,0.4,0.3
5/12/1989,0.38,0.43,0.19
5/19/1989,0.43,0.38,0.19
5/26/1989,0.48,0.31,0.21
6/2/1989,0.42,0.27,0.31
6/9/1989,0.43,0.34,0.23
6/16/1989,0.32,0.37,0.31
6/23/1989,0.33,0.22,0.45
6/30/1989,0.4,0.34,0.26
7/7/1989,0.37,0.32,0.31
7/14/1989,0.22,0.3,0.48
7/21/1989,0.32,0.39,0.29
7/28/1989,0.41,0.25,0.34
8/4/1989,0.35,0.3,0.35
8/11/1989,0.53,0.21,0.26
8/18/1989,0.35,0.28,0.37
8/25/1989,0.45,0.24,0.31
9/1/1989,0.34,0.3,0.36
9/8/1989,0.3,0.3,0.4
9/15/1989,0.31,0.44,0.25
9/22/1989,0.24,0.37,0.39
9/29/1989,0.33,0.38,0.29
10/6/1989,0.24,0.43,0.33
10/13/1989,0.28,0.52,0.2
10/20/1989,0.39,0.28,0.33
10/27/1989,0.36,0.33,0.31
11/3/1989,0.37,0.31,0.32
11/10/1989,0.27,0.37,0.36
11/17/1989,0.24,0.28,0.48
11/22/1989,0.27,0.4,0.33
12/1/1989,0.28,0.4,0.32
12/8/1989,0.31,0.41,0.28
12/15/1989,0.42,0.3,0.28
12/22/1989,0.36,0.32,0.32
12/29/1989,0.35,0.31,0.34
1/5/1990,0.4,0.3,0.3
1/12/1990,0.45,0.38,0.17
1/19/1990,0.31,0.49,0.2
1/26/1990,0.24,0.38,0.38
2/2/1990,0.15,0.37,0.48
2/9/1990,0.19,0.3,0.51
2/16/1990,0.23,0.43,0.34
2/23/1990,0.24,0.38,0.38
3/2/1990,0.21,0.37,0.42
3/9/1990,0.22,0.42,0.36
3/16/1990,0.25,0.35,0.4
3/23/1990,0.37,0.39,0.24
3/30/1990,0.34,0.35,0.31
4/6/1990,0.38,0.37,0.25
4/12/1990,0.27,0.56,0.17
4/20/1990,0.34,0.43,0.23
4/27/1990,0.28,0.35,0.37
5/4/1990,0.2,0.35,0.45
5/11/1990,0.28,0.38,0.34
5/18/1990,0.37,0.35,0.28
5/25/1990,0.39,0.32,0.29
6/1/1990,0.37,0.28,0.35
6/8/1990,0.35,0.35,0.3
6/15/1990,0.43,0.32,0.25
6/22/1990,0.34,0.32,0.34
6/29/1990,0.31,0.31,0.38
7/6/1990,0.28,0.34,0.38
7/13/1990,0.4,0.3,0.3
7/20/1990,0.4,0.3,0.3
7/27/1990,0.52,0.24,0.24
8/3/1990,0.26,0.28,0.46
8/10/1990,0.25,0.21,0.54
8/17/1990,0.18,0.23,0.59
8/24/1990,0.25,0.24,0.51
8/31/1990,0.23,0.16,0.61
9/7/1990,0.33,0.18,0.49
9/14/1990,0.16,0.33,0.51
9/21/1990,0.13,0.31,0.56
9/28/1990,0.26,0.2,0.54
10/5/1990,0.15,0.26,0.59
10/12/1990,0.21,0.27,0.52
10/19/1990,0.13,0.2,0.67
10/26/1990,0.23,0.19,0.58
11/2/1990,0.2,0.36,0.44
11/9/1990,0.2,0.32,0.48
11/16/1990,0.12,0.33,0.55
11/21/1990,0.16,0.37,0.47
11/30/1990,0.22,0.33,0.45
12/7/1990,0.26,0.33,0.41
12/14/1990,0.31,0.31,0.38
12/21/1990,0.16,0.34,0.5
12/28/1990,0.3,0.3,0.4
1/4/1991,0.31,0.39,0.3
1/11/1991,0.22,0.3,0.48
1/18/1991,0.22,0.27,0.51
1/25/1991,0.25,0.25,0.5
2/1/1991,0.29,0.29,0.42
2/8/1991,0.36,0.28,0.36
2/15/1991,0.46,0.3,0.24
2/22/1991,0.57,0.2,0.23
3/1/1991,0.5,0.18,0.32
3/8/1991,0.5,0.21,0.29
3/15/1991,0.55,0.22,0.23
3/22/1991,0.42,0.31,0.27
3/29/1991,0.47,0.28,0.25
4/5/1991,0.58,0.22,0.2
4/12/1991,0.43,0.32,0.25
4/19/1991,0.39,0.39,0.22
4/26/1991,0.55,0.28,0.17
5/3/1991,0.39,0.33,0.28
5/10/1991,0.38,0.34,0.28
5/17/1991,0.42,0.32,0.26
5/24/1991,0.38,0.39,0.23
5/31/1991,0.42,0.35,0.23
6/7/1991,0.46,0.37,0.17
6/14/1991,0.47,0.31,0.22
6/21/1991,0.44,0.4,0.16
6/28/1991,0.28,0.37,0.35
7/3/1991,0.28,0.39,0.33
7/12/1991,0.41,0.39,0.2
7/19/1991,0.27,0.51,0.22
7/26/1991,0.35,0.42,0.23
8/2/1991,0.33,0.36,0.31
8/9/1991,0.26,0.45,0.29
8/16/1991,0.37,0.33,0.3
8/23/1991,0.32,0.36,0.32
8/30/1991,0.41,0.4,0.19
9/6/1991,0.36,0.31,0.33
9/13/1991,0.43,0.39,0.18
9/20/1991,0.32,0.48,0.2
9/27/1991,0.31,0.38,0.31
10/4/1991,0.35,0.3,0.35
10/11/1991,0.39,0.37,0.24
10/18/1991,0.3,0.31,0.39
10/25/1991,0.31,0.36,0.33
11/1/1991,0.52,0.12,0.36
11/8/1991,0.32,0.36,0.32
11/15/1991,0.38,0.33,0.29
11/22/1991,0.48,0.32,0.2
11/27/1991,0.33,0.27,0.4
12/6/1991,0.23,0.32,0.45
12/13/1991,0.33,0.36,0.31
12/20/1991,0.36,0.3,0.34
12/27/1991,0.39,0.29,0.32
1/3/1992,0.49,0.2,0.31
1/10/1992,0.48,0.27,0.25
1/17/1992,0.51,0.21,0.28
1/24/1992,0.46,0.25,0.29
1/31/1992,0.47,0.26,0.27
2/7/1992,0.36,0.39,0.25
2/14/1992,0.46,0.28,0.26
2/21/1992,0.47,0.25,0.28
2/28/1992,0.43,0.36,0.21
3/6/1992,0.45,0.29,0.26
3/13/1992,0.38,0.35,0.27
3/20/1992,0.48,0.29,0.23
3/27/1992,0.43,0.35,0.22
4/3/1992,0.35,0.42,0.23
4/10/1992,0.43,0.27,0.3
4/17/1992,0.37,0.38,0.25
4/24/1992,0.52,0.34,0.14
5/1/1992,0.29,0.36,0.35
5/8/1992,0.43,0.31,0.26
5/15/1992,0.4,0.37,0.23
5/22/1992,0.48,0.24,0.28
5/29/1992,0.41,0.43,0.16
6/5/1992,0.41,0.4,0.19
6/12/1992,0.31,0.46,0.23
6/19/1992,0.35,0.37,0.28
6/26/1992,0.39,0.34,0.27
7/2/1992,0.21,0.44,0.35
7/9/1992,0.23,0.42,0.35
7/17/1992,0.29,0.4,0.31
7/24/1992,0.32,0.44,0.24
7/31/1992,0.22,0.47,0.31
8/5/1992,0.28,0.39,0.33
8/14/1992,0.26,0.37,0.37
8/21/1992,0.22,0.34,0.44
8/28/1992,0.3,0.37,0.33
9/4/1992,0.14,0.44,0.42
9/11/1992,0.22,0.39,0.39
9/18/1992,0.21,0.42,0.37
9/25/1992,0.25,0.34,0.41
10/2/1992,0.3,0.35,0.35
10/9/1992,0.21,0.35,0.44
10/16/1992,0.2,0.24,0.56
10/23/1992,0.21,0.32,0.47
10/30/1992,0.35,0.35,0.3
11/6/1992,0.49,0.27,0.24
11/13/1992,0.37,0.44,0.19
11/20/1992,0.48,0.38,0.14
11/25/1992,0.43,0.37,0.2
12/4/1992,0.37,0.39,0.24
12/11/1992,0.43,0.42,0.15
12/18/1992,0.63,0.27,0.1
12/24/1992,0.55,0.3,0.15
1/1/1993,0.6,0.27,0.13
1/8/1993,0.2,0.49,0.31
1/15/1993,0.54,0.32,0.14
1/22/1993,0.41,0.38,0.21
1/29/1993,0.4,0.37,0.23
2/5/1993,0.44,0.34,0.22
2/12/1993,0.47,0.31,0.22
2/19/1993,0.46,0.27,0.27
2/26/1993,0.34,0.32,0.34
3/5/1993,0.27,0.36,0.37
3/12/1993,0.45,0.33,0.22
3/19/1993,0.41,0.32,0.27
3/26/1993,0.43,0.34,0.23
4/2/1993,0.37,0.36,0.27
4/9/1993,0.32,0.39,0.29
4/16/1993,0.31,0.35,0.34
4/23/1993,0.28,0.42,0.3
4/30/1993,0.22,0.37,0.41
5/7/1993,0.21,0.45,0.34
5/14/1993,0.2,0.41,0.39
5/21/1993,0.21,0.34,0.45
5/28/1993,0.24,0.37,0.39
6/4/1993,0.33,0.39,0.28
6/11/1993,0.23,0.36,0.41
6/18/1993,0.22,0.35,0.43
6/25/1993,0.28,0.38,0.34
7/2/1993,0.18,0.44,0.38
7/9/1993,0.21,0.45,0.34
7/16/1993,0.22,0.44,0.34
7/23/1993,0.24,0.43,0.33
7/30/1993,0.25,0.45,0.3
8/6/1993,0.26,0.42,0.32
8/13/1993,0.25,0.41,0.34
8/20/1993,0.29,0.41,0.3
8/27/1993,0.27,0.35,0.38
9/3/1993,0.38,0.33,0.29
9/10/1993,0.3,0.3,0.4
9/17/1993,0.32,0.34,0.34
9/24/1993,0.28,0.4,0.32
10/1/1993,0.26,0.34,0.4
10/8/1993,0.29,0.37,0.34
10/15/1993,0.31,0.38,0.31
10/22/1993,0.42,0.3,0.28
10/29/1993,0.43,0.33,0.24
11/4/1993,0.32,0.36,0.32
11/11/1993,0.35,0.3,0.35
11/18/1993,0.34,0.31,0.35
11/24/1993,0.45,0.3,0.25
12/2/1993,0.33,0.32,0.35
12/9/1993,0.37,0.39,0.24
12/16/1993,0.33,0.38,0.29
12/23/1993,0.36,0.31,0.33
12/30/1993,0.44,0.28,0.28
1/6/1994,0.4,0.33,0.27
1/13/1994,0.38,0.31,0.31
1/20/1994,0.48,0.26,0.26
1/27/1994,0.41,0.25,0.34
2/3/1994,0.38,0.29,0.33
2/10/1994,0.49,0.27,0.24
2/17/1994,0.4,0.36,0.24
2/24/1994,0.41,0.3,0.29
3/3/1994,0.31,0.42,0.27
3/10/1994,0.29,0.34,0.37
3/17/1994,0.24,0.41,0.35
3/24/1994,0.29,0.37,0.34
3/31/1994,0.23,0.33,0.44
4/7/1994,0.28,0.31,0.41
4/14/1994,0.29,0.23,0.48
4/21/1994,0.26,0.41,0.33
4/28/1994,0.27,0.35,0.38
5/5/1994,0.32,0.32,0.36
5/12/1994,0.38,0.32,0.3
5/19/1994,0.22,0.36,0.42
5/26/1994,0.29,0.33,0.38
6/2/1994,0.39,0.36,0.25
6/9/1994,0.28,0.47,0.25
6/16/1994,0.32,0.42,0.26
6/23/1994,0.29,0.45,0.26
6/30/1994,0.32,0.37,0.31
7/7/1994,0.28,0.32,0.4
7/14/1994,0.25,0.4,0.35
7/21/1994,0.34,0.38,0.28
7/28/1994,0.27,0.42,0.31
8/4/1994,0.22,0.52,0.26
8/11/1994,0.34,0.37,0.29
8/18/1994,0.3,0.4,0.3
8/25/1994,0.32,0.39,0.29
9/1/1994,0.43,0.34,0.23
9/8/1994,0.47,0.33,0.2
9/15/1994,0.45,0.25,0.3
9/22/1994,0.37,0.36,0.27
9/29/1994,0.38,0.32,0.3
10/6/1994,0.33,0.39,0.28
10/13/1994,0.35,0.39,0.26
10/20/1994,0.39,0.33,0.28
10/27/1994,0.43,0.38,0.19
11/3/1994,0.4,0.35,0.25
11/10/1994,0.37,0.31,0.32
11/17/1994,0.39,0.22,0.39
11/23/1994,0.39,0.32,0.29
11/30/1994,0.44,0.3,0.26
12/8/1994,0.3,0.35,0.35
12/15/1994,0.33,0.35,0.32
12/22/1994,0.42,0.25,0.33
12/29/1994,0.4,0.43,0.17
1/5/1995,0.44,0.31,0.25
1/12/1995,0.36,0.42,0.22
1/19/1995,0.37,0.39,0.24
1/26/1995,0.38,0.37,0.25
2/2/1995,0.38,0.37,0.25
2/9/1995,0.34,0.43,0.23
2/16/1995,0.43,0.37,0.2
2/23/1995,0.46,0.37,0.17
3/2/1995,0.53,0.26,0.21
3/9/1995,0.48,0.34,0.18
3/16/1995,0.39,0.41,0.2
3/23/1995,0.47,0.3,0.23
3/30/1995,0.52,0.23,0.25
4/6/1995,0.42,0.25,0.33
4/13/1995,0.4,0.23,0.37
4/20/1995,0.37,0.27,0.36
4/27/1995,0.52,0.29,0.19
5/4/1995,0.42,0.27,0.31
5/11/1995,0.44,0.26,0.3
5/18/1995,0.42,0.23,0.35
5/25/1995,0.44,0.26,0.3
6/1/1995,0.39,0.34,0.27
6/8/1995,0.44,0.25,0.31
6/15/1995,0.36,0.31,0.33
6/22/1995,0.48,0.21,0.31
6/29/1995,0.35,0.28,0.37
7/6/1995,0.35,0.34,0.31
7/13/1995,0.44,0.18,0.38
7/20/1995,0.43,0.3,0.27
7/27/1995,0.41,0.26,0.33
8/3/1995,0.38,0.34,0.28
8/10/1995,0.4,0.3,0.3
8/17/1995,0.36,0.43,0.21
8/24/1995,0.35,0.28,0.37
8/31/1995,0.38,0.42,0.2
9/7/1995,0.37,0.36,0.27
9/14/1995,0.46,0.32,0.22
9/21/1995,0.46,0.25,0.29
9/28/1995,0.42,0.27,0.31
10/5/1995,0.39,0.37,0.24
10/12/1995,0.41,0.3,0.29
10/19/1995,0.47,0.32,0.21
10/26/1995,0.46,0.33,0.21
11/2/1995,0.47,0.34,0.19
11/9/1995,0.49,0.35,0.16
11/16/1995,0.46,0.31,0.23
11/22/1995,0.48,0.18,0.34
11/30/1995,0.51,0.3,0.19
12/7/1995,0.48,0.28,0.24
12/14/1995,0.51,0.23,0.26
12/21/1995,0.48,0.28,0.24
12/28/1995,0.46,0.34,0.2
1/4/1996,0.55,0.18,0.27
1/11/1996,0,0,0
1/18/1996,0.42,0.29,0.29
1/25/1996,0.36,0.4,0.24
2/1/1996,0.54,0.31,0.15
2/8/1996,0.53,0.31,0.16
2/15/1996,0.54,0.21,0.25
2/22/1996,0.49,0.22,0.29
2/29/1996,0.45,0.28,0.27
3/7/1996,0.44,0.28,0.28
3/14/1996,0.36,0.35,0.29
3/21/1996,0.47,0.31,0.22
3/28/1996,0.45,0.31,0.24
4/4/1996,0.4,0.43,0.17
4/11/1996,0.4,0.42,0.18
4/18/1996,0.36,0.38,0.26
4/25/1996,0.28,0.4,0.32
5/2/1996,0.48,0.31,0.21
5/9/1996,0.46,0.38,0.16
5/16/1996,0.37,0.4,0.23
5/23/1996,0.51,0.35,0.14
5/30/1996,0.61,0.29,0.1
6/6/1996,0.47,0.28,0.25
6/13/1996,0.49,0.28,0.23
6/20/1996,0.42,0.32,0.26
6/27/1996,0.42,0.41,0.17
7/3/1996,0.32,0.44,0.24
7/11/1996,0.4,0.35,0.25
7/18/1996,0.29,0.45,0.26
7/25/1996,0.3,0.32,0.38
8/1/1996,0.29,0.38,0.33
8/8/1996,0.27,0.42,0.31
8/15/1996,0.43,0.37,0.2
8/22/1996,0.28,0.46,0.26
8/29/1996,0.28,0.43,0.29
9/5/1996,0.29,0.35,0.36
9/12/1996,0.26,0.46,0.28
9/19/1996,0.28,0.41,0.31
9/26/1996,0.34,0.39,0.27
10/3/1996,0.4,0.31,0.29
10/10/1996,0.38,0.36,0.26
10/17/1996,0.39,0.36,0.25
10/24/1996,0.42,0.33,0.25
10/31/1996,0.37,0.29,0.34
11/7/1996,0.26,0.45,0.29
11/14/1996,0.37,0.34,0.29
11/21/1996,0.43,0.3,0.27
11/27/1996,0.52,0.27,0.21
12/5/1996,0.41,0.26,0.33
12/12/1996,0.4,0.28,0.32
12/19/1996,0.33,0.28,0.39
12/26/1996,0.37,0.33,0.3
1/2/1997,0.43,0.33,0.24
1/9/1997,0.36,0.39,0.25
1/16/1997,0.42,0.32,0.26
1/23/1997,0.37,0.41,0.22
1/30/1997,0.51,0.33,0.16
2/6/1997,0.47,0.29,0.24
2/13/1997,0.45,0.37,0.18
2/20/1997,0.44,0.36,0.2
2/27/1997,0.63,0.22,0.15
3/6/1997,0.43,0.37,0.2
3/13/1997,0.34,0.36,0.3
3/20/1997,0.36,0.42,0.22
3/27/1997,0.27,0.4,0.33
4/3/1997,0.29,0.4,0.31
4/10/1997,0.26,0.37,0.37
4/17/1997,0.31,0.41,0.28
4/24/1997,0.28,0.4,0.32
5/1/1997,0.27,0.44,0.29
5/8/1997,0.3,0.44,0.26
5/15/1997,0.41,0.36,0.23
5/22/1997,0.4,0.35,0.25
5/29/1997,0.4,0.4,0.2
6/5/1997,0.52,0.33,0.15
6/12/1997,0.49,0.35,0.16
6/19/1997,0.59,0.26,0.15
6/26/1997,0.52,0.25,0.23
7/3/1997,0.45,0.3,0.25
7/10/1997,0.49,0.33,0.18
7/17/1997,0.54,0.3,0.16
7/24/1997,0.53,0.25,0.22
7/31/1997,0.48,0.26,0.26
8/7/1997,0.49,0.28,0.23
8/14/1997,0.49,0.3,0.21
8/21/1997,0.47,0.33,0.2
8/28/1997,0.5,0.28,0.22
9/4/1997,0.37,0.38,0.25
9/11/1997,0.42,0.36,0.22
9/18/1997,0.4,0.44,0.16
9/25/1997,0.39,0.42,0.19
10/2/1997,0.38,0.43,0.19
10/9/1997,0.43,0.43,0.14
10/16/1997,0.43,0.36,0.21
10/23/1997,0.4,0.46,0.14
10/30/1997,0.41,0.36,0.23
11/6/1997,0.38,0.37,0.25
11/13/1997,0.45,0.38,0.17
11/20/1997,0.4,0.38,0.22
11/26/1997,0.4,0.4,0.2
12/4/1997,0.49,0.33,0.18
12/11/1997,0.46,0.37,0.17
12/18/1997,0.4,0.41,0.19
12/24/1997,0.41,0.36,0.23
12/31/1997,0.34,0.35,0.31
1/8/1998,0.42,0.4,0.18
1/16/1998,0.38,0.45,0.17
1/23/1998,0.31,0.39,0.3
1/30/1998,0.38,0.42,0.2
2/5/1998,0.3,0.45,0.25
2/12/1998,0.45,0.36,0.19
2/19/1998,0.42,0.43,0.15
2/26/1998,0.53,0.33,0.14
3/5/1998,0.53,0.34,0.13
3/12/1998,0.44,0.36,0.2
3/19/1998,0.4,0.38,0.22
3/26/1998,0.45,0.35,0.2
4/2/1998,0.46,0.32,0.22
4/9/1998,0.41,0.36,0.23
4/16/1998,0.53,0.32,0.15
4/23/1998,0.4,0.38,0.22
4/30/1998,0.44,0.31,0.25
5/7/1998,0.43,0.34,0.23
5/14/1998,0.33,0.41,0.26
5/21/1998,0.38,0.39,0.23
5/28/1998,0.34,0.4,0.26
6/4/1998,0.25,0.44,0.31
6/11/1998,0.27,0.49,0.24
6/18/1998,0.29,0.38,0.33
6/25/1998,0.28,0.44,0.28
7/2/1998,0.33,0.48,0.19
7/9/1998,0.36,0.44,0.2
7/16/1998,0.35,0.44,0.21
7/23/1998,0.37,0.39,0.24
7/30/1998,0.44,0.36,0.2
8/6/1998,0.3,0.44,0.26
8/13/1998,0.27,0.38,0.35
8/20/1998,0.25,0.42,0.33
8/27/1998,0.23,0.32,0.45
9/3/1998,0.23,0.37,0.4
9/10/1998,0.29,0.31,0.4
9/17/1998,0.34,0.35,0.31
9/24/1998,0.34,0.38,0.28
10/1/1998,0.32,0.35,0.33
10/8/1998,0.25,0.43,0.32
10/15/1998,0.25,0.34,0.41
10/22/1998,0.32,0.35,0.33
10/29/1998,0.43,0.36,0.21
11/5/1998,0.38,0.42,0.2
11/12/1998,0.5,0.36,0.14
11/19/1998,0.4,0.42,0.18
11/25/1998,0.48,0.35,0.17
12/3/1998,0.49,0.3,0.21
12/10/1998,0.44,0.3,0.26
12/17/1998,0.41,0.34,0.25
12/23/1998,0.34,0.34,0.32
12/31/1998,0.41,0.37,0.22
1/7/1999,0.38,0.39,0.23
1/14/1999,0.51,0.28,0.21
1/21/1999,0.56,0.24,0.2
1/28/1999,0.47,0.33,0.2
2/4/1999,0.48,0.38,0.14
2/11/1999,0.48,0.35,0.17
2/18/1999,0.37,0.39,0.24
2/25/1999,0.37,0.39,0.24
3/4/1999,0.36,0.45,0.19
3/11/1999,0.37,0.42,0.21
3/18/1999,0.48,0.31,0.21
3/25/1999,0.38,0.33,0.29
4/1/1999,0.4,0.35,0.25
4/8/1999,0.36,0.38,0.26
4/15/1999,0.41,0.31,0.28
4/22/1999,0.38,0.32,0.3
4/29/1999,0.41,0.32,0.27
5/6/1999,0.54,0.32,0.14
5/13/1999,0.43,0.31,0.26
5/20/1999,0.43,0.31,0.26
5/27/1999,0.38,0.42,0.2
6/3/1999,0.32,0.36,0.32
6/10/1999,0.32,0.4,0.28
6/17/1999,0.38,0.35,0.27
6/24/1999,0.3,0.39,0.31
7/1/1999,0.35,0.38,0.27
7/8/1999,0.43,0.36,0.21
7/15/1999,0.54,0.28,0.18
7/22/1999,0.55,0.23,0.22
7/29/1999,0.42,0.38,0.2
8/5/1999,0.3,0.46,0.24
8/12/1999,0.3,0.4,0.3
8/19/1999,0.31,0.46,0.23
8/26/1999,0.35,0.4,0.25
9/2/1999,0.44,0.38,0.18
9/9/1999,0.37,0.38,0.25
9/16/1999,0.36,0.43,0.21
9/23/1999,0.36,0.36,0.28
9/30/1999,0.35,0.42,0.23
10/7/1999,0.34,0.38,0.28
10/14/1999,0.42,0.39,0.19
10/21/1999,0.38,0.37,0.25
10/28/1999,0.38,0.38,0.24
11/4/1999,0.43,0.35,0.22
11/11/1999,0.48,0.26,0.26
11/18/1999,0.46,0.32,0.22
11/24/1999,0.55,0.28,0.17
12/2/1999,0.62,0.25,0.13
12/9/1999,0.62,0.27,0.11
12/16/1999,0.54,0.26,0.2
12/23/1999,0.52,0.31,0.17
12/30/1999,0.6,0.25,0.15
1/6/2000,0.75,0.1166,0.1333
1/13/2000,0.5926,0.2222,0.1852
1/20/2000,0.5714,0.25,0.1786
1/27/2000,0.537,0.2593,0.2037
2/3/2000,0.5111,0.2444,0.2444
2/10/2000,0.4186,0.3023,0.2791
2/17/2000,0.2727,0.4848,0.2424
2/24/2000,0.4138,0.2759,0.3103
3/2/2000,0.3667,0.4,0.2333
3/8/2000,0.5833,0.25,0.1667
3/16/2000,0.5,0.2333,0.2667
3/23/2000,0.6571,0.1429,0.2
3/30/2000,0.3889,0.1111,0.5
4/6/2000,0.4583,0.3333,0.2083
4/13/2000,0.5185,0.1852,0.2963
4/20/2000,0.6373,0.1373,0.2255
4/27/2000,0.6129,0.2419,0.1452
5/4/2000,0.3478,0.3043,0.3478
5/11/2000,0.3023,0.4419,0.2558
5/18/2000,0.3529,0.2353,0.4118
5/25/2000,0.3492,0.2857,0.3651
6/1/2000,0.4167,0.2083,0.375
6/8/2000,0.6154,0.1538,0.2308
6/15/2000,0.4375,0.375,0.1875
6/22/2000,0.2667,0.3333,0.4
7/6/2000,0.561,0.2805,0.1585
7/13/2000,0.65,0.15,0.2
7/20/2000,0.6667,0.2133,0.12
7/27/2000,0.4286,0.3714,0.2
8/3/2000,0.413,0.3478,0.2391
8/10/2000,0.541,0.3443,0.1148
8/17/2000,0.5938,0.2188,0.1875
8/23/2000,0.5769,0.1923,0.2308
8/31/2000,0.5588,0.2647,0.1765
9/7/2000,0.625,0.2917,0.0833
9/14/2000,0.4118,0.3529,0.2353
9/21/2000,0.4375,0.375,0.1875
9/28/2000,0.5333,0.4,0.0667
10/5/2000,0.4194,0.3226,0.2581
10/12/2000,0.4146,0.2683,0.3171
10/19/2000,0.4889,0.2667,0.2444
10/26/2000,0.641,0.1795,0.1795
11/2/2000,0.5161,0.2581,0.2258
11/9/2000,0.6286,0.2857,0.0857
11/16/2000,0.4583,0.375,0.1667
11/23/2000,0.3651,0.2698,0.3651
11/30/2000,0.6042,0.2292,0.1667
12/7/2000,0.4706,0.1569,0.3725
12/14/2000,0.5962,0.0769,0.3269
12/21/2000,0.3111,0.1778,0.5111
12/28/2000,0.4,0.28,0.32
1/4/2001,0.4259,0.3333,0.2407
1/11/2001,0.3571,0.2143,0.4286
1/18/2001,0.3659,0.3902,0.2439
1/25/2001,0.4923,0.2462,0.2615
2/1/2001,0.5,0.3077,0.1923
2/8/2001,0.5556,0.3,0.1444
2/15/2001,0.3043,0.4783,0.2174
2/22/2001,0.2632,0.3509,0.386
3/1/2001,0.4595,0.2027,0.3378
3/8/2001,0.3163,0.3673,0.3163
3/15/2001,0.3091,0.3273,0.3636
3/22/2001,0.2778,0.25,0.4722
3/29/2001,0.3725,0.3529,0.2745
4/5/2001,0.3514,0.2613,0.3874
4/12/2001,0.303,0.2879,0.4091
4/19/2001,0.4375,0.25,0.3125
4/26/2001,0.4655,0.2241,0.3103
5/3/2001,0.6351,0.1487,0.2162
5/10/2001,0.5333,0.2889,0.1778
5/17/2001,0.5176,0.2941,0.1882
5/24/2001,0.619,0.2143,0.1667
5/31/2001,0.4935,0.2208,0.2857
6/7/2001,0.4255,0.3191,0.2553
6/14/2001,0.3051,0.4746,0.2203
6/21/2001,0.3333,0.4333,0.2333
6/28/2001,0.3038,0.3671,0.3291
7/5/2001,0.4074,0.4074,0.1852
7/12/2001,0.2527,0.3846,0.3626
7/19/2001,0.5,0.3478,0.1522
7/26/2001,0.2952,0.3238,0.381
8/2/2001,0.3636,0.2727,0.3636
8/9/2001,0.3494,0.3735,0.2771
8/16/2001,0.3542,0.2708,0.375
8/23/2001,0.3448,0.3448,0.3103
8/30/2001,0.3143,0.4571,0.2286
9/6/2001,0.3034,0.3596,0.3371
9/13/2001,0.2667,0.3667,0.3667
9/20/2001,0.3108,0.2432,0.4459
9/27/2001,0.5111,0.2667,0.2222
10/4/2001,0.5122,0.1951,0.2927
10/11/2001,0.4737,0.2456,0.2807
10/18/2001,0.6056,0.1831,0.2113
10/25/2001,0.5588,0.2647,0.1765
11/1/2001,0.35,0.3167,0.3333
11/8/2001,0.3462,0.2308,0.4231
11/15/2001,0.4545,0.2121,0.3333
11/22/2001,0.5833,0.1667,0.25
11/29/2001,0.6933,0.1067,0.2
12/6/2001,0.5918,0.1633,0.2449
12/13/2001,0.614,0.2456,0.1404
12/20/2001,0.5246,0.2131,0.2623
12/27/2001,0.5769,0.1538,0.2692
1/3/2002,0.5111,0.2444,0.2444
1/10/2002,0.5479,0.2329,0.2192
1/17/2002,0.2955,0.4091,0.2955
1/24/2002,0.3469,0.3469,0.3061
1/31/2002,0.4545,0.3182,0.2273
2/7/2002,0.375,0.3958,0.2293
2/14/2002,0.4516,0.3871,0.1613
2/21/2002,0.3636,0.3818,0.2545
2/28/2002,0.4444,0.3519,0.2037
3/7/2002,0.5333,0.3111,0.1555
3/14/2002,0.5645,0.2903,0.1452
3/21/2002,0.5323,0.3548,0.1129
3/28/2002,0.5116,0.2558,0.2326
4/4/2002,0.4048,0.3929,0.2024
4/11/2002,0.2821,0.3846,0.3333
4/18/2002,0.402,0.3659,0.2317
4/25/2002,0.3667,0.4,0.2333
5/2/2002,0.2703,0.3964,0.3333
5/9/2002,0.3026,0.2895,0.4079
5/16/2002,0.3679,0.3491,0.283
5/23/2002,0.2619,0.3333,0.4048
5/29/2002,0.2826,0.3152,0.4022
6/6/2002,0.3279,0.2787,0.3934
6/13/2002,0.3182,0.3455,0.3364
6/20/2002,0.4571,0.2857,0.2571
6/27/2002,0.3097,0.2301,0.4602
7/3/2002,0.2656,0.2656,0.4688
7/11/2002,0.3505,0.2268,0.4227
7/18/2002,0.2625,0.2,0.5375
7/25/2002,0.2791,0.2326,0.4884
8/1/2002,0.3421,0.3421,0.3158
8/8/2002,0.377,0.2295,0.3934
8/15/2002,0.3793,0.2069,0.4138
8/22/2002,0.4375,0.1667,0.3958
8/29/2002,0.5,0.2097,0.2903
9/5/2002,0.3148,0.1852,0.5
9/12/2002,0.3836,0.2466,0.3699
9/19/2002,0.3378,0.2297,0.4324
9/26/2002,0.2451,0.2843,0.4706
10/3/2002,0.3521,0.169,0.4789
10/10/2002,0.2885,0.1635,0.5481
10/17/2002,0.3947,0.2105,0.3947
10/24/2002,0.4458,0.2169,0.3373
10/31/2002,0.5147,0.2059,0.2794
11/7/2002,0.5,0.2368,0.2632
11/14/2002,0.4865,0.1892,0.3243
11/21/2002,0.5056,0.2809,0.2135
11/28/2002,0.5106,0.1702,0.3191
12/5/2002,0.5294,0.2941,0.1765
12/12/2002,0.4138,0.3448,0.2414
12/19/2002,0.4286,0.2714,0.3
12/26/2002,0.4,0.28,0.32
1/2/2003,0.3243,0.2973,0.3784
1/9/2003,0.381,0.1905,0.4286
1/16/2003,0.2917,0.4167,0.2917
1/23/2003,0.25,0.3182,0.4318
1/30/2003,0.2553,0.266,0.4787
2/6/2003,0.2286,0.5143,0.2571
2/13/2003,0.219,0.4,0.381
2/20/2003,0.2105,0.2105,0.5789
2/27/2003,0.2602,0.2683,0.4715
3/6/2003,0.3333,0.2727,0.3939
3/13/2003,0.3429,0.1429,0.5143
3/20/2003,0.4286,0.1905,0.381
3/27/2003,0.3942,0.2788,0.3269
4/3/2003,0.3235,0.2941,0.3824
4/10/2003,0.3846,0.3077,0.3077
4/17/2003,0.463,0.2222,0.3148
4/24/2003,0.63,0.18,0.19
5/1/2003,0.4857,0.2571,0.2571
5/8/2003,0.528,0.288,0.184
5/15/2003,0.6279,0.2093,0.1628
5/22/2003,0.3846,0.2596,0.3558
5/29/2003,0.6286,0.2286,0.1429
6/5/2003,0.52,0.288,0.192
6/12/2003,0.5,0.2083,0.2917
6/19/2003,0.5641,0.0769,0.359
6/26/2003,0.7143,0.2,0.0857
7/3/2003,0.4118,0.2353,0.3529
7/10/2003,0.4324,0.2568,0.3108
7/17/2003,0.5126,0.2017,0.2857
7/24/2003,0.52,0.1733,0.3067
7/31/2003,0.5154,0.3231,0.1615
8/7/2003,0.4545,0.2208,0.3247
8/14/2003,0.5056,0.2584,0.236
8/21/2003,0.6296,0.1852,0.1852
8/28/2003,0.567,0.2062,0.2268
9/4/2003,0.623,0.2131,0.1639
9/11/2003,0.5814,0.2442,0.1744
9/18/2003,0.6275,0.1765,0.1961
9/25/2003,0.5728,0.2039,0.2233
10/2/2003,0.5,0.2143,0.2857
10/9/2003,0.5758,0.1919,0.2323
10/16/2003,0.6034,0.2586,0.1379
10/23/2003,0.5278,0.3056,0.1667
10/30/2003,0.5781,0.2344,0.1875
11/6/2003,0.5758,0.2576,0.1667
11/13/2003,0.5333,0.3222,0.1444
11/20/2003,0.5323,0.2581,0.2097
11/27/2003,0.6038,0.1887,0.2075
12/4/2003,0.6937,0.1622,0.1441
12/11/2003,0.5526,0.2368,0.2105
12/18/2003,0.602,0.2041,0.1939
12/26/2003,0.6552,0.1724,0.1724
1/1/2004,0.6241,0.2411,0.1348
1/8/2004,0.6716,0.1493,0.1791
1/15/2004,0.6629,0.236,0.1011
1/22/2004,0.6951,0.1707,0.1341
1/29/2004,0.5688,0.2813,0.15
2/5/2004,0.5091,0.2727,0.2182
2/12/2004,0.561,0.2927,0.1463
2/19/2004,0.5645,0.2258,0.2097
2/26/2004,0.4158,0.2789,0.3053
3/4/2004,0.4783,0.3913,0.1304
3/11/2004,0.4129,0.2516,0.3355
3/18/2004,0.386,0.3509,0.2632
3/25/2004,0.3148,0.2593,0.4259
4/1/2004,0.5517,0.2241,0.2241
4/8/2004,0.5878,0.2095,0.2027
4/15/2004,0.6375,0.225,0.1375
4/22/2004,0.5,0.275,0.225
4/29/2004,0.5,0.2879,0.2121
5/6/2004,0.3898,0.339,0.2712
5/13/2004,0.3289,0.2368,0.4342
5/20/2004,0.3667,0.2333,0.4
5/27/2004,0.3611,0.2361,0.4028
6/3/2004,0.3333,0.4048,0.2619
6/10/2004,0.5526,0.2895,0.1579
6/17/2004,0.4141,0.3047,0.2813
6/24/2004,0.5641,0.2051,0.2308
7/1/2004,0.5697,0.2727,0.1576
7/8/2004,0.551,0.2347,0.2143
7/15/2004,0.4737,0.2895,0.2368
7/22/2004,0.3571,0.4048,0.2381
7/29/2004,0.34,0.3,0.36
8/5/2004,0.3099,0.3521,0.338
8/12/2004,0.3857,0.2143,0.4
8/19/2004,0.3488,0.3023,0.3488
8/26/2004,0.4153,0.3305,0.2542
9/2/2004,0.4151,0.3019,0.283
9/9/2004,0.505,0.2574,0.2376
9/16/2004,0.4545,0.2273,0.3182
9/23/2004,0.512,0.22,0.268
9/30/2004,0.4107,0.1964,0.3929
10/7/2004,0.5693,0.2336,0.1971
10/14/2004,0.4471,0.2706,0.2824
10/21/2004,0.4248,0.2876,0.2876
10/28/2004,0.4231,0.2596,0.3173
11/4/2004,0.5714,0.2,0.2286
11/11/2004,0.625,0.1591,0.2159
11/18/2004,0.641,0.1346,0.2244
11/24/2004,0.4948,0.2371,0.268
12/2/2004,0.5676,0.1784,0.2541
12/9/2004,0.5135,0.2342,0.2523
12/16/2004,0.5253,0.2828,0.1919
12/23/2004,0.6023,0.2159,0.1818
12/30/2004,0.5766,0.2482,0.1752
1/6/2005,0.381,0.2738,0.3452
1/13/2005,0.3399,0.2614,0.3987
1/20/2005,0.3366,0.3267,0.3366
1/27/2005,0.2643,0.3714,0.3643
2/3/2005,0.4167,0.3333,0.25
2/10/2005,0.4375,0.3333,0.2292
2/17/2005,0.3636,0.3377,0.2987
2/24/2005,0.3182,0.3636,0.3182
3/3/2005,0.3951,0.3333,0.2716
3/10/2005,0.4966,0.255,0.2483
3/17/2005,0.3247,0.3506,0.3247
3/24/2005,0.2323,0.3484,0.4194
3/31/2005,0.2843,0.2059,0.5098
4/7/2005,0.2774,0.2839,0.4387
4/14/2005,0.1648,0.4176,0.4176
4/21/2005,0.3684,0.3026,0.3289
4/28/2005,0.2975,0.3554,0.3471
5/5/2005,0.2857,0.2653,0.449
5/12/2005,0.3052,0.3312,0.3636
5/19/2005,0.3892,0.3243,0.2865
5/26/2005,0.4414,0.3243,0.2342
6/2/2005,0.4861,0.3194,0.1944
6/9/2005,0.4598,0.3448,0.1954
6/16/2005,0.4805,0.3312,0.1883
6/23/2005,0.4659,0.3523,0.1818
6/30/2005,0.4589,0.2466,0.2945
7/7/2005,0.430108,0.365591,0.204301
7/14/2005,0.5789,0.2807,0.1404
7/21/2005,0.4118,0.3137,0.2745
7/28/2005,0.5752,0.2484,0.1765
8/4/2005,0.4783,0.2609,0.2609
8/11/2005,0.3974,0.3141,0.2885
8/18/2005,0.2929,0.303,0.404
8/25/2005,0.3614,0.3253,0.3133
9/1/2005,0.3176,0.3059,0.3765
9/8/2005,0.4231,0.25,0.3269
9/15/2005,0.5143,0.2,0.2857
9/22/2005,0.3947,0.2807,0.3246
9/29/2005,0.3188,0.2899,0.3913
10/6/2005,0.5,0.2258,0.2742
10/13/2005,0.3896,0.1299,0.4805
10/20/2005,0.4311,0.2096,0.3593
10/27/2005,0.3205,0.2179,0.4615
11/3/2005,0.4295,0.2949,0.2756
11/10/2005,0.5862,0.1839,0.2299
11/17/2005,0.5363,0.2458,0.2179
11/24/2005,0.5733,0.2667,0.16
12/1/2005,0.5247,0.2407,0.2346
12/8/2005,0.4947,0.3158,0.1895
12/15/2005,0.4615,0.3173,0.2212
12/22/2005,0.4103,0.3077,0.2821
12/29/2005,0.373,0.2619,0.3651
1/5/2006,0.2935,0.3043,0.4022
1/12/2006,0.5896,0.2197,0.1908
1/19/2006,0.5,0.2417,0.2583
1/26/2006,0.3077,0.359,0.3333
2/2/2006,0.447,0.2197,0.3333
2/9/2006,0.4019,0.2523,0.3458
2/16/2006,0.4018,0.2411,0.3571
2/23/2006,0.4321,0.284,0.284
3/2/2006,0.4094,0.2992,0.2913
3/9/2006,0.4121,0.2802,0.3077
3/16/2006,0.4655,0.2069,0.3276
3/23/2006,0.4375,0.2875,0.275
3/30/2006,0.3721,0.3023,0.3256
4/6/2006,0.4767,0.2907,0.2326
4/13/2006,0.4536,0.268,0.2784
4/20/2006,0.3373,0.2544,0.4083
4/27/2006,0.4211,0.2193,0.3596
5/4/2006,0.4589,0.2055,0.3356
5/11/2006,0.549,0.1765,0.2745
5/18/2006,0.3939,0.1697,0.4364
5/25/2006,0.3304,0.2143,0.4554
6/1/2006,0.3077,0.1923,0.5
6/8/2006,0.2623,0.2869,0.4508
6/15/2006,0.2641,0.1861,0.5498
6/22/2006,0.344,0.24,0.416
6/29/2006,0.386,0.2164,0.3977
7/6/2006,0.377,0.1967,0.4262
7/13/2006,0.365,0.2409,0.3942
7/20/2006,0.2385,0.1835,0.578
7/27/2006,0.3488,0.2209,0.4302
8/3/2006,0.3146,0.2135,0.4719
8/10/2006,0.3659,0.2195,0.4146
8/17/2006,0.3053,0.3368,0.3579
8/24/2006,0.3935,0.2323,0.3742
8/31/2006,0.4157,0.3258,0.2584
9/7/2006,0.4299,0.271,0.2991
9/14/2006,0.4795,0.137,0.3836
9/21/2006,0.4775,0.1802,0.3423
9/28/2006,0.5132,0.1579,0.3289
10/5/2006,0.3778,0.1556,0.4667
10/12/2006,0.4898,0.1327,0.3776
10/19/2006,0.542,0.1603,0.2977
10/26/2006,0.5217,0.1739,0.3043
11/2/2006,0.4375,0.1938,0.3688
11/9/2006,0.506,0.2289,0.2651
11/16/2006,0.4656,0.229,0.3053
11/23/2006,0.4194,0.1613,0.4194
11/30/2006,0.4022,0.1229,0.4749
12/7/2006,0.3894,0.1947,0.4159
12/14/2006,0.4133,0.2067,0.38
12/21/2006,0.3908,0.1839,0.4253
12/28/2006,0.46,0.18,0.36
1/4/2007,0.4914,0.2155,0.2931
1/11/2007,0.4444,0.213,0.3426
1/18/2007,0.5778,0.1515,0.2727
1/25/2007,0.3951,0.2716,0.3333
2/1/2007,0.4632,0.2316,0.3053
2/8/2007,0.4615,0.2385,0.3
2/15/2007,0.4757,0.2136,0.3107
2/22/2007,0.5385,0.2385,0.2231
3/1/2007,0.3663,0.2376,0.396
3/8/2007,0.358,0.1932,0.4489
3/15/2007,0.3299,0.2165,0.4536
3/22/2007,0.4388,0.2302,0.3309
3/29/2007,0.4268,0.3171,0.2561
4/5/2007,0.3226,0.2796,0.3978
4/12/2007,0.4085,0.2113,0.3803
4/19/2007,0.4694,0.2347,0.2959
4/26/2007,0.3924,0.2278,0.3797
5/3/2007,0.2857,0.1714,0.5429
5/10/2007,0.4286,0.1429,0.4286
5/17/2007,0.3839,0.25,0.3661
5/24/2007,0.3735,0.241,0.3855
5/31/2007,0.3333,0.2188,0.4479
6/7/2007,0.4059,0.1683,0.4257
6/14/2007,0.373,0.1905,0.4365
6/21/2007,0.4316,0.2316,0.3368
6/28/2007,0.3902,0.252,0.3577
7/5/2007,0.4384,0.2329,0.3288
7/12/2007,0.4364,0.2636,0.3
7/19/2007,0.4177,0.2152,0.3671
7/26/2007,0.4421,0.1895,0.3684
8/2/2007,0.4588,0.1412,0.4
8/9/2007,0.4576,0.1525,0.3898
8/16/2007,0.4222,0.1222,0.4556
8/23/2007,0.4128,0.156,0.4312
8/30/2007,0.403,0.1343,0.4627
9/6/2007,0.3838,0.1919,0.4242
9/13/2007,0.4,0.2471,0.3529
9/20/2007,0.3924,0.2911,0.3165
9/27/2007,0.4937,0.1646,0.3418
10/4/2007,0.5181,0.2289,0.253
10/11/2007,0.5464,0.1959,0.2577
10/18/2007,0.4196,0.2232,0.3571
10/25/2007,0.3125,0.2054,0.4821
11/1/2007,0.4471,0.1882,0.3647
11/8/2007,0.3619,0.1238,0.5143
11/15/2007,0.3301,0.1748,0.4951
11/22/2007,0.2558,0.2171,0.5271
11/29/2007,0.2857,0.1531,0.5612
12/6/2007,0.4065,0.1951,0.3984
12/13/2007,0.4762,0.1667,0.3571
12/20/2007,0.3585,0.1698,0.4717
12/27/2007,0.3,0.2,0.5
1/3/2008,0.2571,0.1905,0.5524
1/10/2008,0.1963,0.215,0.5888
1/17/2008,0.243,0.213,0.5444
1/24/2008,0.2514,0.1585,0.5902
1/31/2008,0.3008,0.2105,0.4887
2/7/2008,0.3411,0.1869,0.472
2/14/2008,0.3333,0.2481,0.4186
2/21/2008,0.3318,0.2212,0.447
2/28/2008,0.3431,0.2044,0.4526
3/6/2008,0.2198,0.2637,0.5165
3/13/2008,0.2042,0.2042,0.5915
3/20/2008,0.2521,0.2051,0.5427
3/27/2008,0.416,0.248,0.336
4/3/2008,0.367,0.2394,0.3936
4/10/2008,0.4576,0.1695,0.3729
4/17/2008,0.3037,0.2094,0.4869
4/24/2008,0.4667,0.2583,0.275
5/1/2008,0.5329,0.2039,0.2632
5/8/2008,0.5281,0.2247,0.2472
5/15/2008,0.4516,0.2516,0.2968
5/22/2008,0.463,0.1944,0.3426
5/29/2008,0.3136,0.2288,0.4576
6/5/2008,0.4348,0.1848,0.3804
6/12/2008,0.3125,0.1518,0.5357
6/19/2008,0.3298,0.2128,0.4574
6/26/2008,0.3125,0.1648,0.5227
7/3/2008,0.2393,0.2393,0.5214
7/10/2008,0.2217,0.2266,0.5517
7/17/2008,0.25,0.1686,0.5814
7/24/2008,0.3582,0.2014,0.4403
7/31/2008,0.4,0.1882,0.4118
8/7/2008,0.3561,0.2197,0.4242
8/14/2008,0.4286,0.1818,0.3896
8/21/2008,0.381,0.246,0.373
8/28/2008,0.3068,0.2386,0.4545
9/4/2008,0.3704,0.1975,0.4321
9/11/2008,0.2927,0.1585,0.5488
9/18/2008,0.2721,0.1837,0.5442
9/25/2008,0.3404,0.2021,0.4574
10/2/2008,0.3333,0.1167,0.55
10/9/2008,0.3147,0.0769,0.6084
10/16/2008,0.4094,0.193,0.3977
10/23/2008,0.3874,0.2252,0.3874
10/30/2008,0.3714,0.2229,0.4057
11/6/2008,0.4483,0.2184,0.3333
11/13/2008,0.3833,0.1917,0.425
11/20/2008,0.2437,0.1849,0.5714
11/27/2008,0.3125,0.2386,0.4489
12/4/2008,0.2667,0.2556,0.4778
12/11/2008,0.375,0.2266,0.3984
12/18/2008,0.3973,0.2466,0.3562
12/25/2008,0.2895,0.2719,0.4386
1/1/2009,0.24,0.2133,0.5467
1/8/2009,0.487,0.1623,0.3506
1/15/2009,0.2763,0.25,0.4737
1/22/2009,0.2721,0.2647,0.4632
1/29/2009,0.2527,0.2747,0.4725
2/5/2009,0.2463,0.3134,0.4403
2/12/2009,0.3291,0.2785,0.3924
2/19/2009,0.2164,0.2164,0.5672
2/26/2009,0.243,0.2056,0.5514
3/5/2009,0.1892,0.1081,0.7027
3/12/2009,0.2764,0.1789,0.5447
3/19/2009,0.4506,0.1667,0.3827
3/26/2009,0.3913,0.1848,0.4239
4/2/2009,0.4266,0.2028,0.3706
4/9/2009,0.3571,0.2,0.4429
4/16/2009,0.4414,0.2,0.3586
4/23/2009,0.3182,0.2955,0.3864
4/30/2009,0.3609,0.203,0.4361
5/7/2009,0.4409,0.2258,0.3333
5/14/2009,0.4381,0.2095,0.3524
5/21/2009,0.3372,0.2093,0.4535
5/28/2009,0.4037,0.1101,0.4862
6/4/2009,0.4756,0.1585,0.3659
6/11/2009,0.3925,0.215,0.3925
6/18/2009,0.3333,0.2024,0.4643
6/25/2009,0.28,0.232,0.488
7/2/2009,0.3784,0.1757,0.4459
7/9/2009,0.2791,0.1744,0.5465
7/16/2009,0.2868,0.2426,0.4706
7/23/2009,0.376,0.2,0.424
7/30/2009,0.4767,0.2093,0.314
8/6/2009,0.5,0.1484,0.3516
8/13/2009,0.51,0.16,0.33
8/20/2009,0.3407,0.2593,0.4
8/27/2009,0.3398,0.1748,0.4854
9/3/2009,0.3797,0.2405,0.3797
9/10/2009,0.3733,0.1867,0.44
9/17/2009,0.4214,0.1786,0.4
9/24/2009,0.3909,0.1636,0.4455
10/1/2009,0.4355,0.2097,0.3548
10/8/2009,0.3509,0.2368,0.4123
10/15/2009,0.473,0.1892,0.3378
10/22/2009,0.4048,0.2381,0.3571
10/29/2009,0.3365,0.2404,0.4231
11/5/2009,0.2222,0.2222,0.5556
11/12/2009,0.386,0.228,0.386
11/19/2009,0.4273,0.2545,0.3182
11/26/2009,0.4166,0.1666,0.4166
12/3/2009,0.4158,0.2475,0.3366
12/10/2009,0.4268,0.2195,0.3537
12/17/2009,0.4211,0.2947,0.2842
12/24/2009,0.3768,0.2464,0.3768
12/31/2009,0.4918,0.2787,0.2295
1/7/2010,0.41,0.33,0.26
1/14/2010,0.4744,0.2564,0.2692
1/21/2010,0.4,0.2526,0.3474
1/28/2010,0.35,0.2833,0.3667
2/4/2010,0.2923,0.2769,0.4308
2/11/2010,0.3675,0.2137,0.4188
2/18/2010,0.3585,0.2893,0.3522
2/25/2010,0.3489,0.3557,0.2953
3/4/2010,0.3586,0.3793,0.2621
3/11/2010,0.4529,0.2941,0.2529
3/18/2010,0.3537,0.3476,0.2988
3/25/2010,0.3239,0.3295,0.3466
4/1/2010,0.413,0.2754,0.3116
4/8/2010,0.4286,0.2679,0.3036
4/15/2010,0.4848,0.2182,0.297
4/22/2010,0.3812,0.2762,0.3425
4/29/2010,0.4136,0.3,0.2864
5/6/2010,0.3913,0.323,0.2857
5/13/2010,0.366,0.268,0.366
5/20/2010,0.413,0.25,0.337
5/27/2010,0.2983,0.193,0.5088
6/3/2010,0.3709,0.2207,0.4085
6/10/2010,0.3448,0.2241,0.431
6/17/2010,0.4245,0.2689,0.3066
6/24/2010,0.3446,0.3311,0.3243
7/1/2010,0.2468,0.3333,0.4199
7/8/2010,0.2094,0.2199,0.5707
7/15/2010,0.3937,0.2284,0.378
7/22/2010,0.3216,0.2281,0.4503
7/29/2010,0.4,0.2667,0.3333
8/5/2010,0.3039,0.3137,0.3824
8/12/2010,0.3976,0.3012,0.3012
8/19/2010,0.3011,0.2742,0.4247
8/26/2010,0.2074,0.2979,0.4947
9/2/2010,0.308,0.27,0.4221
9/9/2010,0.4387,0.2451,0.3161
9/16/2010,0.5089,0.2485,0.2426
9/23/2010,0.4497,0.2963,0.254
9/30/2010,0.4253,0.2586,0.3161
10/7/2010,0.4903,0.2323,0.2774
10/14/2010,0.471,0.2609,0.2681
10/21/2010,0.4962,0.2519,0.2519
10/28/2010,0.5123,0.2716,0.216
11/4/2010,0.4823,0.2199,0.2979
11/11/2010,0.5756,0.1395,0.2849
11/18/2010,0.4,0.275,0.325
11/25/2010,0.474,0.2792,0.2468
12/2/2010,0.4966,0.2414,0.2621
12/9/2010,0.5305,0.2439,0.2256
12/16/2010,0.5023,0.2262,0.2715
12/23/2010,0.6328,0.2031,0.164
12/30/2010,0.5161,0.2834,0.2005
1/6/2011,0.5588,0.2586,0.1825
1/13/2011,0.5234,0.2422,0.2344
1/20/2011,0.5075,0.2015,0.291
1/27/2011,0.4204,0.2367,0.3429
2/3/2011,0.5154,0.2159,0.2687
2/10/2011,0.494,0.2369,0.2691
2/17/2011,0.4658,0.2785,0.2557
2/24/2011,0.3663,0.2723,0.3614
3/3/2011,0.3679,0.3005,0.3316
3/10/2011,0.3597,0.3171,0.3232
3/17/2011,0.2849,0.3139,0.4012
3/24/2011,0.3774,0.2727,0.3497
3/31/2011,0.4181,0.2712,0.3107
4/7/2011,0.4359,0.2756,0.2885
4/14/2011,0.4225,0.2676,0.3099
4/21/2011,0.3216,0.3684,0.3099
4/28/2011,0.379,0.3145,0.3065
5/5/2011,0.3546,0.3267,0.3187
5/12/2011,0.3077,0.3373,0.355
5/19/2011,0.2669,0.3202,0.4129
5/26/2011,0.2561,0.3297,0.4142
6/2/2011,0.3018,0.3639,0.3343
6/9/2011,0.2442,0.2791,0.4767
6/16/2011,0.29,0.2825,0.4275
6/23/2011,0.3746,0.268,0.3574
6/30/2011,0.3831,0.3149,0.3019
7/7/2011,0.4177,0.3354,0.2468
7/14/2011,0.3931,0.3145,0.2925
7/21/2011,0.3986,0.2954,0.3061
7/28/2011,0.3784,0.3074,0.3142
8/4/2011,0.2716,0.2299,0.4985
8/11/2011,0.3343,0.2179,0.4478
8/18/2011,0.3556,0.2462,0.3982
8/25/2011,0.3644,0.226,0.4096
9/1/2011,0.3862,0.2904,0.3234
9/8/2011,0.3022,0.295,0.4029
9/15/2011,0.305,0.2815,0.4135
9/22/2011,0.2533,0.2667,0.48
9/29/2011,0.3251,0.2068,0.4679
10/6/2011,0.3523,0.1904,0.4571
10/13/2011,0.3977,0.2386,0.3636
10/20/2011,0.3598,0.2941,0.346
10/27/2011,0.43,0.32,0.25
11/3/2011,0.4018,0.302,0.2962
11/10/2011,0.4473,0.307,0.2456
11/17/2011,0.4193,0.2701,0.3104
11/24/2011,0.3271,0.2901,0.3827
12/1/2011,0.3304,0.2753,0.3942
12/8/2011,0.3857,0.2666,0.3476
12/15/2011,0.4018,0.2616,0.3364
12/22/2011,0.33725,0.38039,0.28235
12/29/2011,0.406,0.2857,0.30827
1/5/2012,0.4888,0.3395,0.1716
1/12/2012,0.4914,0.3368,0.1718
1/19/2012,0.4723,0.2915,0.2361
1/26/2012,0.483974,0.32692,0.1891
2/2/2012,0.43806,0.31117,0.25075
2/9/2012,0.51643,0.28169,0.20187
2/16/2012,0.42713,0.30653,0.26633
2/23/2012,0.43689,0.28802,0.27508
3/1/2012,0.44512,0.28658,0.26829
3/8/2012,0.42379,0.28624,0.28996
3/15/2012,0.456067,0.271967,0.271967
3/22/2012,0.423841,0.298013,0.278146
3/29/2012,0.4247,0.3205,0.2548
4/5/2012,0.381743,0.340249,0.278008
4/12/2012,0.281385,0.30303,0.415584
4/19/2012,0.311787,0.34981,0.338403
4/26/2012,0.276423,0.349593,0.373984
5/3/2012,0.354015,0.361314,0.284672
5/10/2012,0.253968,0.325397,0.420635
5/17/2012,0.235821,0.304478,0.459701
5/24/2012,0.304688,0.308594,0.386719
5/31/2012,0.280156,0.299611,0.420233
6/7/2012,0.27451,0.267974,0.457516
6/14/2012,0.340351,0.301754,0.357895
6/21/2012,0.328904,0.312292,0.358804
6/28/2012,0.286689,0.269625,0.443686
7/5/2012,0.3264,0.3403,0.3333
7/12/2012,0.302251,0.350482,0.347267
7/19/2012,0.2219,0.360231,0.417867
7/26/2012,0.28115,0.28754,0.43131
8/2/2012,0.304478,0.346269,0.349254
8/9/2012,0.364706,0.361765,0.273529
8/16/2012,0.368421,0.350877,0.280702
8/23/2012,0.41958,0.321678,0.258741
8/30/2012,0.347222,0.326389,0.326389
9/6/2012,0.330579,0.338843,0.330579
9/13/2012,0.364583,0.305556,0.329861
9/20/2012,0.375,0.287162,0.337838
9/27/2012,0.361011,0.274368,0.364621
10/4/2012,0.338608,0.329114,0.332278
10/11/2012,0.305755,0.305755,0.388489
10/18/2012,0.286604,0.267913,0.445483
10/25/2012,0.292453,0.27673,0.430818
11/1/2012,0.357377,0.232787,0.409836
11/8/2012,0.384977,0.215962,0.399061
11/15/2012,0.288235,0.223529,0.488235
11/22/2012,0.358156,0.234043,0.407801
11/28/2012,0.409266,0.247104,0.343629
12/6/2012,0.422222,0.231746,0.346032
12/13/2012,0.432331,0.266917,0.300752
12/20/2012,0.464,0.288,0.248
12/27/2012,0.44403,0.253731,0.302239
1/3/2013,0.387097,0.250896,0.362007
1/10/2013,0.464497,0.266272,0.269231
1/17/2013,0.439437,0.287324,0.273239
1/24/2013,0.523392,0.233918,0.24269
1/31/2013,0.480447,0.276536,0.243017
2/7/2013,0.427673,0.27673,0.295597
2/14/2013,0.422535,0.290141,0.287324
2/21/2013,0.417857,0.257143,0.325
2/28/2013,0.283912,0.350158,0.365931
3/7/2013,0.310559,0.304348,0.385093
3/14/2013,0.4542,0.2255,0.3203
3/21/2013,0.389439,0.277228,0.333333
3/28/2013,0.383954,0.329513,0.286533
4/4/2013,0.35493,0.36338,0.28169
4/11/2013,0.193103,0.262069,0.544828
4/18/2013,0.268493,0.249315,0.482192
4/25/2013,0.282895,0.328947,0.388158
5/2/2013,0.309859,0.330986,0.359155
5/9/2013,0.407942,0.31769,0.274368
5/16/2013,0.384858,0.321767,0.293375
5/23/2013,0.489726,0.294521,0.215753
5/30/2013,0.359684,0.343874,0.296443
6/6/2013,0.294737,0.315789,0.389474
6/13/2013,0.32973,0.324324,0.345946
6/20/2013,0.374532,0.325843,0.299625
6/27/2013,0.302752,0.345566,0.351682
7/4/2013,0.419929,0.341637,0.238434
7/11/2013,0.489362,0.32766,0.182979
7/18/2013,0.477352,0.310105,0.212544
7/25/2013,0.451178,0.323232,0.225589
8/1/2013,0.356164,0.393836,0.25
8/8/2013,0.394984,0.338558,0.266458
8/15/2013,0.34507,0.373239,0.28169
8/22/2013,0.289575,0.281853,0.428571
8/29/2013,0.335404,0.357143,0.307453
9/5/2013,0.3553,0.3322,0.3125
9/12/2013,0.45515,0.299003,0.245847
9/19/2013,0.451128,0.25188,0.296992
9/26/2013,0.360544,0.333333,0.306122
10/3/2013,0.378378,0.320946,0.300676
10/10/2013,0.413284,0.250923,0.335793
10/17/2013,0.462783,0.288026,0.249191
10/24/2013,0.492013,0.332268,0.175719
10/31/2013,0.449664,0.33557,0.214765
11/7/2013,0.454829,0.327103,0.218069
11/14/2013,0.391975,0.333333,0.274691
11/21/2013,0.343931,0.361272,0.294798
11/28/2013,0.473016,0.244444,0.28254
12/5/2013,0.426415,0.298113,0.275472
12/12/2013,0.412651,0.337349,0.25
12/19/2013,0.474576,0.274576,0.250847
12/26/2013,0.550562,0.264045,0.185393
1/2/2014,0.430894,0.276423,0.292683
1/9/2014,0.43617,0.31383,0.25
1/16/2014,0.38992,0.395225,0.214854
1/23/2014,0.381201,0.381201,0.237598
1/30/2014,0.321839,0.350575,0.327586
2/6/2014,0.27896,0.356974,0.364066
2/13/2014,0.401478,0.325123,0.273399
2/20/2014,0.422,0.35,0.228
2/27/2014,0.396907,0.391753,0.21134
3/6/2014,0.405099,0.328612,0.266289
3/13/2014,0.413408,0.318436,0.268156
3/20/2014,0.367816,0.37069,0.261494
3/27/2014,0.311615,0.402266,0.286119
4/3/2014,0.353571,0.378571,0.267857
4/10/2014,0.284768,0.374172,0.34106
4/17/2014,0.272171,0.385321,0.342508
4/24/2014,0.345029,0.394737,0.260234
5/1/2014,0.297735,0.407767,0.294498
5/8/2014,0.283439,0.429936,0.286624
5/15/2014,0.33121,0.442675,0.226115
5/22/2014,0.304348,0.431677,0.263975
5/29/2014,0.364641,0.403315,0.232044
6/5/2014,0.395062,0.382716,0.222222
6/12/2014,0.446875,0.340625,0.2125
6/19/2014,0.351744,0.406977,0.241279
6/26/2014,0.372208,0.416873,0.210918
7/3/2014,0.385075,0.391045,0.223881
7/10/2014,0.376404,0.337079,0.286517
7/17/2014,0.323625,0.391586,0.28479
7/24/2014,0.296296,0.404321,0.299383
7/31/2014,0.311224,0.377551,0.311224
8/7/2014,0.308869,0.308869,0.382263
8/14/2014,0.398119,0.332288,0.269592
8/21/2014,0.461078,0.302395,0.236527
8/28/2014,0.519231,0.288462,0.192308
9/4/2014,0.446746,0.313609,0.239645
9/11/2014,0.403846,0.330128,0.266026
9/18/2014,0.42236,0.347826,0.229814
9/25/2014,0.418367,0.29932,0.282313
10/2/2014,0.354167,0.336806,0.309028
10/9/2014,0.398773,0.291411,0.309816
10/16/2014,0.42663,0.236413,0.336957
10/23/2014,0.496875,0.278125,0.225
10/30/2014,0.493711,0.295597,0.210692
11/6/2014,0.526882,0.322581,0.150538
11/13/2014,0.57931,0.227586,0.193103
11/20/2014,0.491176,0.270588,0.238235
11/27/2014,0.521452,0.270627,0.207921
12/4/2014,0.426778,0.313808,0.259414
12/11/2014,0.450172,0.32646,0.223368
12/18/2014,0.387352,0.343874,0.268775
12/25/2014,0.509434,0.301887,0.188679
1/1/2015,0.517375,0.289575,0.19305
1/8/2015,0.410072,0.31295,0.276978
1/15/2015,0.461059,0.323988,0.214953
1/22/2015,0.371429,0.320635,0.307937
1/29/2015,0.441718,0.334356,0.223926
2/5/2015,0.354949,0.320819,0.324232
2/12/2015,0.4,0.396721,0.203279
2/19/2015,0.470199,0.350993,0.178808
2/26/2015,0.453731,0.343284,0.202985
3/5/2015,0.398026,0.368421,0.233553
3/12/2015,0.315961,0.429967,0.254072
3/19/2015,0.271605,0.41358,0.314815
3/26/2015,0.384298,0.371901,0.243802
4/2/2015,0.353952,0.32646,0.319588
4/9/2015,0.287016,0.471526,0.241458
4/16/2015,0.320675,0.451477,0.227848
4/23/2015,0.3147,0.453416,0.231884
4/30/2015,0.308362,0.472125,0.219512
5/7/2015,0.270563,0.461039,0.268398
5/14/2015,0.267442,0.468992,0.263566
5/21/2015,0.252119,0.497881,0.25
5/28/2015,0.270019,0.478585,0.251397
6/4/2015,0.273399,0.480296,0.246305
6/11/2015,0.200375,0.473783,0.325843
6/18/2015,0.254083,0.402904,0.343013
6/25/2015,0.355556,0.427778,0.216667
7/2/2015,0.226121,0.423002,0.350877
7/9/2015,0.27907,0.429175,0.291755
7/16/2015,0.308108,0.459459,0.232432
7/23/2015,0.3254,0.4187,0.256
7/30/2015,0.211055,0.38191,0.407035
8/6/2015,0.243187,0.440252,0.316562
8/13/2015,0.304519,0.333988,0.361493
8/20/2015,0.268199,0.398467,0.333333
8/27/2015,0.325,0.292308,0.382692
9/3/2015,0.323843,0.359431,0.316726
9/10/2015,0.346499,0.303411,0.35009
9/17/2015,0.332645,0.376033,0.291322
9/24/2015,0.321199,0.391863,0.286938
10/1/2015,0.281059,0.319756,0.399185
10/8/2015,0.375238,0.342857,0.281905
10/15/2015,0.340816,0.387755,0.271429
10/22/2015,0.347656,0.412109,0.240234
10/29/2015,0.403922,0.390196,0.205882
11/5/2015,0.39,0.424,0.186
11/12/2015,0.342723,0.42723,0.230047
11/19/2015,0.307692,0.386813,0.305495
11/26/2015,0.323601,0.416058,0.260341
12/3/2015,0.294931,0.493088,0.211982
12/10/2015,0.285057,0.416092,0.298851
12/17/2015,0.238663,0.367542,0.393795
12/24/2015,0.263804,0.421268,0.314928
12/31/2015,0.250729,0.51312,0.236152
1/7/2016,0.221739,0.395652,0.382609
1/14/2016,0.178988,0.365759,0.455253
1/21/2016,0.21521,0.297735,0.487055
1/28/2016,0.297535,0.302817,0.399648
2/4/2016,0.275472,0.377358,0.34717
2/11/2016,0.192385,0.320641,0.486974
2/18/2016,0.275605,0.346369,0.378026
2/25/2016,0.311947,0.373894,0.314159
3/3/2016,0.320158,0.387352,0.29249
3/10/2016,0.373576,0.382688,0.243736
3/17/2016,0.299587,0.431818,0.268595
3/24/2016,0.337808,0.425056,0.237136
3/31/2016,0.271805,0.470588,0.257606
4/7/2016,0.321918,0.46347,0.214612
4/14/2016,0.278481,0.472574,0.248945
4/21/2016,0.334052,0.426724,0.239224
4/28/2016,0.273663,0.440329,0.286008
5/5/2016,0.223301,0.473301,0.303398
5/12/2016,0.204082,0.482993,0.312925
5/19/2016,0.193384,0.465649,0.340967
5/26/2016,0.177515,0.5286,0.293886
6/2/2016,0.301676,0.407821,0.290503
6/9/2016,0.278317,0.443366,0.278317
6/16/2016,0.253472,0.371528,0.375
6/23/2016,0.219697,0.42803,0.352273
6/30/2016,0.289125,0.376658,0.334218
7/7/2016,0.310573,0.422907,0.26652
7/14/2016,0.368664,0.387097,0.24424
7/21/2016,0.354251,0.378543,0.267206
7/28/2016,0.3125,0.403409,0.284091
8/4/2016,0.297872,0.434397,0.26773
8/11/2016,0.312925,0.419501,0.267574
8/18/2016,0.355649,0.380753,0.263598
8/25/2016,0.294243,0.409382,0.296375
9/1/2016,0.286,0.3987,0.3152
9/8/2016,0.297468,0.417722,0.28481
9/15/2016,0.279379,0.361419,0.359202
9/22/2016,0.24826,0.36891,0.382831
9/29/2016,0.24,0.388889,0.371111
10/6/2016,0.287946,0.433036,0.279018
10/13/2016,0.254717,0.408019,0.337264
10/20/2016,0.237395,0.384454,0.378151
10/27/2016,0.247549,0.411765,0.340686
11/3/2016,0.236364,0.420455,0.343182
11/10/2016,0.388889,0.317778,0.293333
11/17/2016,0.466531,0.267748,0.26572
11/24/2016,0.498938,0.280255,0.220807
12/1/2016,0.437751,0.311245,0.251004
12/8/2016,0.431211,0.303901,0.264887
12/15/2016,0.446575,0.230137,0.323288
12/22/2016,0.446064,0.262391,0.291545
12/29/2016,0.455696,0.28692,0.257384
1/5/2017,0.462006,0.285714,0.25228
1/12/2017,0.436364,0.293939,0.269697
1/19/2017,0.370079,0.30315,0.326772
1/26/2017,0.315789,0.349282,0.334928
2/2/2017,0.327982,0.330275,0.341743
2/9/2017,0.358025,0.365432,0.276543
2/16/2017,0.330909,0.345455,0.323636
2/23/2017,0.384615,0.292308,0.323077
3/2/2017,0.379085,0.264706,0.356209
3/9/2017,0.3,0.235,0.465
3/16/2017,0.311688,0.301299,0.387013
3/23/2017,0.352785,0.342175,0.30504
3/30/2017,0.302181,0.323988,0.373832
4/6/2017,0.283019,0.320755,0.396226
4/13/2017,0.28972,0.336449,0.373832
4/20/2017,0.257062,0.355932,0.387006
4/27/2017,0.380488,0.302439,0.317073
5/4/2017,0.380711,0.319797,0.299492
5/11/2017,0.327338,0.370504,0.302158
5/18/2017,0.238532,0.41896,0.342508
5/25/2017,0.328571,0.371429,0.3
6/1/2017,0.269231,0.415385,0.315385
6/8/2017,0.354331,0.350394,0.295276
6/15/2017,0.322709,0.38247,0.294821
6/22/2017,0.326531,0.384354,0.289116
6/29/2017,0.297143,0.434286,0.268571
7/6/2017,0.295775,0.405634,0.298592
7/13/2017,0.282407,0.421296,0.296296
7/20/2017,0.354839,0.387097,0.258065
7/27/2017,0.344595,0.412162,0.243243
8/3/2017,0.361111,0.317901,0.320988
8/10/2017,0.336667,0.34,0.323333
8/17/2017,0.341743,0.330275,0.327982
8/24/2017,0.280992,0.336088,0.38292
8/31/2017,0.25,0.351064,0.398936
9/7/2017,0.292776,0.34981,0.357414
9/14/2017,0.412879,0.367424,0.219697
9/21/2017,0.401361,0.326531,0.272109
9/28/2017,0.333333,0.37931,0.287356
10/5/2017,0.356,0.316,0.328
10/12/2017,0.397661,0.333333,0.269006
10/19/2017,0.37931,0.341379,0.27931
10/26/2017,0.396396,0.273273,0.33033
11/2/2017,0.450549,0.263736,0.285714
11/9/2017,0.451049,0.318182,0.230769
11/16/2017,0.293478,0.354348,0.352174
11/23/2017,0.35493,0.35493,0.290141
11/30/2017,0.359459,0.324324,0.316216
12/7/2017,0.368771,0.289037,0.342193
12/14/2017,0.45,0.26875,0.28125
12/21/2017,0.504975,0.238806,0.256219
12/28/2017,0.526455,0.267196,0.206349
1/4/2018,0.597531,0.246914,0.155556
1/11/2018,0.486726,0.262537,0.250737
1/18/2018,0.541133,0.244973,0.213894
1/25/2018,0.454545,0.305195,0.24026
2/1/2018,0.447712,0.264706,0.287582
2/8/2018,0.370277,0.279597,0.350126
2/15/2018,0.485194,0.300683,0.214123
2/22/2018,0.446512,0.325581,0.227907
3/1/2018,0.372832,0.393064,0.234104
3/8/2018,0.264026,0.452145,0.283828
3/15/2018,0.368421,0.418283,0.213296
3/22/2018,0.332344,0.382789,0.284866
3/29/2018,0.319361,0.327345,0.353293
4/5/2018,0.318966,0.314655,0.366379
4/12/2018,0.26087,0.311594,0.427536
4/19/2018,0.377834,0.329975,0.292191
4/26/2018,0.369085,0.375394,0.255521
5/3/2018,0.283951,0.41358,0.302469
5/10/2018,0.335106,0.409574,0.255319
5/17/2018,0.366755,0.427441,0.205805
5/24/2018,0.385621,0.362745,0.251634
5/31/2018,0.350181,0.386282,0.263538
6/7/2018,0.389313,0.343511,0.267176
6/14/2018,0.447802,0.335165,0.217033
6/21/2018,0.387187,0.350975,0.261838
6/28/2018,0.284483,0.307471,0.408046
7/5/2018,0.278552,0.328691,0.392758
7/12/2018,0.430508,0.277966,0.291525
7/19/2018,0.346633,0.40399,0.249377
7/26/2018,0.315217,0.415761,0.269022
8/2/2018,0.291105,0.38814,0.320755
8/9/2018,0.363636,0.326019,0.310345
8/16/2018,0.361702,0.347518,0.29078
8/23/2018,0.384615,0.344729,0.270655
8/30/2018,0.434959,0.321138,0.243902
9/6/2018,0.422222,0.314815,0.262963
9/13/2018,0.320896,0.350746,0.328358
9/20/2018,0.320423,0.359155,0.320423
9/27/2018,0.362205,0.326772,0.311024
10/4/2018,0.456621,0.292237,0.251142
10/11/2018,0.306061,0.339394,0.354545
10/18/2018,0.33935,0.310469,0.350181
10/25/2018,0.279693,0.310345,0.409962
11/1/2018,0.37931,0.275862,0.344828
11/8/2018,0.412844,0.275229,0.311927
11/15/2018,0.350877,0.289474,0.359649
11/22/2018,0.252525,0.276094,0.47138
11/29/2018,0.338816,0.266447,0.394737
12/6/2018,0.379433,0.315603,0.304965
12/13/2018,0.20904,0.30226,0.488701
12/20/2018,0.248649,0.278378,0.472973
12/27/2018,0.315476,0.181548,0.502976
1/3/2019,0.330189,0.242138,0.427673
1/10/2019,0.384615,0.321678,0.293706
1/17/2019,0.335347,0.302115,0.362538
1/24/2019,0.37659,0.300254,0.323155
1/31/2019,0.317568,0.364865,0.317568
2/7/2019,0.398734,0.373418,0.227848
2/14/2019,0.351032,0.39823,0.250737
2/21/2019,0.393189,0.352941,0.25387
2/28/2019,0.416327,0.383673,0.2
3/7/2019,0.37386,0.358663,0.267477
3/14/2019,0.324232,0.365188,0.31058
3/21/2019,0.373016,0.392857,0.234127
3/28/2019,0.332,0.396,0.272
4/4/2019,0.350211,0.367089,0.2827
4/11/2019,0.402878,0.393285,0.203837
4/18/2019,0.375635,0.406091,0.218274
4/25/2019,0.335227,0.463068,0.201705
5/2/2019,0.390244,0.396341,0.213415
5/9/2019,0.431159,0.336957,0.231884
5/16/2019,0.298246,0.308772,0.392982
5/23/2019,0.247059,0.392157,0.360784
5/30/2019,0.247934,0.35124,0.400826
6/6/2019,0.225275,0.348901,0.425824
6/13/2019,0.268398,0.38961,0.341991
6/20/2019,0.295082,0.383607,0.321311
6/27/2019,0.29589,0.383562,0.320548
7/3/2019,0.331551,0.34492,0.323529
7/11/2019,0.336111,0.388889,0.275
7/18/2019,0.359296,0.354271,0.286432
7/25/2019,0.317416,0.36236,0.320225
8/1/2019,0.384375,0.375,0.240625
8/8/2019,0.216561,0.301486,0.481953
8/15/2019,0.23176,0.319742,0.448498
8/22/2019,0.266355,0.336449,0.397196
8/29/2019,0.261307,0.316583,0.422111
9/5/2019,0.28642,0.318519,0.395062
9/12/2019,0.33125,0.35625,0.3125
9/19/2019,0.353383,0.368421,0.278195
9/26/2019,0.293737,0.37365,0.332613
10/3/2019,0.21374,0.391858,0.394402
10/10/2019,0.203085,0.357326,0.439589
10/17/2019,0.336182,0.353276,0.310541
10/24/2019,0.356021,0.361257,0.282723
10/31/2019,0.339759,0.375904,0.284337
11/7/2019,0.403023,0.357683,0.239295
11/14/2019,0.407229,0.344578,0.248193
11/21/2019,0.342432,0.367246,0.290323
11/29/2019,0.336391,0.360856,0.302752
12/5/2019,0.317152,0.391586,0.291262
12/12/2019,0.376316,0.363158,0.260526
12/19/2019,0.440945,0.354331,0.204724
12/26/2019,0.418879,0.365782,0.215339
1/2/2020,0.372159,0.409091,0.21875
1/9/2020,0.330688,0.37037,0.298942
1/16/2020,0.418338,0.30659,0.275072
1/23/2020,0.456019,0.296296,0.247685
1/30/2020,0.319783,0.311653,0.368564
2/6/2020,0.33871,0.30914,0.352151
2/13/2020,0.413333,0.322667,0.264
2/20/2020,0.405594,0.307692,0.286713
2/27/2020,0.304348,0.304348,0.391304
3/5/2020,0.387387,0.216216,0.396396
3/12/2020,0.297386,0.189542,0.513072
3/19/2020,0.343511,0.145038,0.51145
3/26/2020,0.329016,0.150259,0.520725
4/2/2020,0.342391,0.160326,0.497283
4/9/2020,0.365994,0.18732,0.446686
4/16/2020,0.348601,0.223919,0.427481
4/23/2020,0.248634,0.251366,0.5
4/30/2020,0.30597,0.253731,0.440299
5/7/2020,0.236686,0.236686,0.526627
5/14/2020,0.233129,0.260736,0.506135
5/21/2020,0.290043,0.25974,0.450216
5/28/2020,0.330709,0.248031,0.42126
6/4/2020,0.345515,0.265781,0.388704
6/11/2020,0.342767,0.27673,0.380503
6/18/2020,0.243671,0.278481,0.477848
6/25/2020,0.241379,0.269592,0.489028
7/2/2020,0.221519,0.31962,0.458861
7/9/2020,0.271552,0.301724,0.426724
7/16/2020,0.30837,0.237885,0.453744
7/23/2020,0.260563,0.271127,0.46831
7/30/2020,0.20229,0.312977,0.484733
8/6/2020,0.232877,0.291096,0.476027
8/13/2020,0.300366,0.278388,0.421245
8/20/2020,0.303887,0.272085,0.424028
8/27/2020,0.320755,0.283019,0.396226
9/3/2020,0.308017,0.274262,0.417722
9/10/2020,0.237113,0.278351,0.484536
9/17/2020,0.320197,0.275862,0.403941
9/24/2020,0.248945,0.291139,0.459916
10/1/2020,0.262376,0.306931,0.430693
10/8/2020,0.347418,0.262911,0.389671
10/15/2020,0.347826,0.294686,0.357488
10/22/2020,0.357466,0.312217,0.330317
10/29/2020,0.352941,0.294118,0.352941
11/5/2020,0.37963,0.305556,0.314815
11/12/2020,0.558376,0.192893,0.248731
11/19/2020,0.443515,0.292887,0.263598
11/27/2020,0.472527,0.252747,0.274725
12/3/2020,0.490706,0.282528,0.226766
12/10/2020,0.480565,0.250883,0.268551
12/17/2020,0.434263,0.302789,0.262948
12/24/2020,0.435685,0.344398,0.219917
12/31/2020,0.460784,0.271242,0.267974
1/7/2021,0.4519,0.2308,0.3173
1/21/2021,0.425466,0.229814,0.34472
1/28/2021,0.376623,0.24026,0.383117
2/4/2021,0.373529,0.270588,0.355882
2/11/2021,0.454545,0.282828,0.262626
2/18/2021,0.470588,0.275542,0.25387
2/25/2021,0.459283,0.302932,0.237785
3/4/2021,0.402597,0.344156,0.253247
3/11/2021,0.494118,0.270588,0.235294
3/18/2021,0.489437,0.274648,0.235915
3/25/2021,0.509494,0.28481,0.205696
4/1/2021,0.458333,0.309524,0.232143
4/8/2021,0.569079,0.226974,0.203947
4/15/2021,0.538206,0.215947,0.245847
4/22/2021,0.526814,0.268139,0.205047
4/29/2021,0.425676,0.317568,0.256757
5/6/2021,0.443137,0.32549,0.231373
5/13/2021,0.365188,0.365188,0.269625
5/20/2021,0.370253,0.367089,0.262658
5/27/2021,0.364286,0.371429,0.264286
6/3/2021,0.440729,0.361702,0.197568
6/10/2021,0.402256,0.390977,0.206767
6/17/2021,0.411215,0.327103,0.261682
6/24/2021,0.404167,0.3625,0.233333
7/1/2021,0.486486,0.291892,0.221622
7/8/2021,0.401961,0.352941,0.245098
7/15/2021,0.361702,0.370213,0.268085
7/22/2021,0.306452,0.387097,0.306452
7/29/2021,0.361607,0.397321,0.241071
8/5/2021,0.360656,0.322404,0.31694
8/12/2021,0.369748,0.315126,0.315126
8/19/2021,0.331731,0.317308,0.350962
8/26/2021,0.395604,0.274725,0.32967
9/2/2021,0.434343,0.232323,0.333333
9/9/2021,0.388889,0.338889,0.272222
9/16/2021,0.22449,0.382653,0.392857
9/23/2021,0.298969,0.309278,0.391753
9/30/2021,0.281437,0.311377,0.407186
10/7/2021,0.254717,0.377358,0.367925
10/14/2021,0.379147,0.303318,0.317536
10/21/2021,0.4689,0.253589,0.277512
10/27/2021,0.398268,0.307359,0.294372
11/4/2021,0.415,0.325,0.26
11/11/2021,0.48,0.28,0.24
11/18/2021,0.388393,0.339286,0.272321
11/24/2021,0.338095,0.304762,0.357143
12/2/2021,0.266667,0.309524,0.42381
12/9/2021,0.297189,0.39759,0.305221
12/16/2021,0.252427,0.354369,0.393204
12/23/2021,0.295699,0.365591,0.33871
12/30/2021,0.376569,0.317992,0.305439
1/6/2022,0.327586,0.33908,0.333333
1/13/2022,0.249071,0.36803,0.3829
1/20/2022,0.209607,0.323144,0.467249
1/27/2022,0.231373,0.239216,0.529412
2/3/2022,0.264925,0.298507,0.436567
2/10/2022,0.24359,0.401709,0.354701
2/17/2022,0.192488,0.375587,0.431925
2/24/2022,0.233945,0.229358,0.536697
3/3/2022,0.303867,0.281768,0.414365
3/10/2022,0.24,0.302222,0.457778
3/17/2022,0.22467,0.277533,0.497797
3/24/2022,0.328042,0.31746,0.354497
3/31/2022,0.318841,0.405797,0.275362
4/7/2022,0.247126,0.33908,0.413793
4/14/2022,0.158371,0.357466,0.484163
4/21/2022,0.188679,0.372642,0.438679
4/28/2022,0.164384,0.242009,0.593607
5/5/2022,0.268722,0.202643,0.528634
5/12/2022,0.243243,0.266409,0.490347
5/19/2022,0.25969,0.236434,0.503876
5/26/2022,0.198488,0.266541,0.534972
6/2/2022,0.320175,0.309211,0.370614
6/9/2022,0.210227,0.321023,0.46875
6/16/2022,0.194444,0.222222,0.583333
6/23/2022,0.182033,0.224586,0.593381
6/30/2022,0.22779,0.305239,0.46697
7/7/2022,0.19382,0.27809,0.52809
7/14/2022,0.268882,0.265861,0.465257
7/21/2022,0.29589,0.282192,0.421918
7/28/2022,0.277228,0.321782,0.40099
8/4/2022,0.305556,0.305556,0.388889
8/11/2022,0.321543,0.311897,0.366559
8/18/2022,0.333333,0.295139,0.371528
8/25/2022,0.277008,0.299169,0.423823
9/1/2022,0.219178,0.276712,0.50411
9/8/2022,0.180685,0.286604,0.53271
9/15/2022,0.261324,0.278746,0.45993
9/22/2022,0.177258,0.214047,0.608696
9/29/2022,0.199525,0.192399,0.608076
10/6/2022,0.239193,0.213256,0.54755
10/13/2022,0.203647,0.237082,0.559271
10/20/2022,0.225989,0.211864,0.562147
10/27/2022,0.265896,0.277457,0.456647
11/3/2022,0.305648,0.365449,0.328904
11/10/2022,0.250871,0.278746,0.470383
11/17/2022,0.33452,0.263345,0.402135
11/24/2022,0.28863,0.309038,0.402332
12/1/2022,0.244681,0.351064,0.404255
12/8/2022,0.247273,0.334545,0.418182
12/15/2022,0.243028,0.310757,0.446215
12/22/2022,0.203077,0.273846,0.523077
12/29/2022,0.264881,0.258929,0.47619
1/5/2023,0.205128,0.375,0.419872
1/12/2023,0.240283,0.360424,0.399293
1/19/2023,0.309711,0.35958,0.330709
1/26/2023,0.283668,0.34957,0.366762
2/2/2023,0.299003,0.355482,0.345515
2/9/2023,0.375,0.375,0.25
2/16/2023,0.341176,0.370588,0.288235
2/23/2023,0.216471,0.397647,0.385882
3/2/2023,0.233766,0.318182,0.448052
3/9/2023,0.248276,0.334483,0.417241
3/16/2023,0.192171,0.323843,0.483986
3/23/2023,0.209497,0.301676,0.488827
3/30/2023,0.2251,0.3187,0.4561
4/6/2023,0.3333,0.3165,0.3502
4/13/2023,0.2605,0.3946,0.3448
4/20/2023,0.272152,0.376582,0.351266
4/27/2023,0.241379,0.373563,0.385057
5/4/2023,0.240816,0.310204,0.44898
5/11/2023,0.293893,0.293893,0.412214
5/18/2023,0.228956,0.373737,0.397306
5/25/2023,0.273846,0.329231,0.396923
6/1/2023,0.290541,0.341216,0.368243
6/8/2023,0.445483,0.311526,0.242991
6/15/2023,0.45182,0.321199,0.226981
6/22/2023,0.428571,0.293878,0.277551
6/29/2023,0.419277,0.306024,0.274699
7/6/2023,0.463918,0.291237,0.244845
7/13/2023,0.409984,0.331395,0.258721
7/20/2023,0.513575,0.271493,0.214932
7/27/2023,0.449064,0.309771,0.241164
8/3/2023,0.489848,0.296954,0.213198
8/10/2023,0.446991,0.297994,0.255014
8/17/2023,0.358904,0.339726,0.30137
8/24/2023,0.322654,0.318078,0.359268
8/31/2023,0.330935,0.323741,0.345324
9/7/2023,0.421918,0.282192,0.29589
9/14/2023,0.344156,0.363636,0.292208
9/21/2023,0.312977,0.340967,0.346056
9/28/2023,0.277916,0.312655,0.409429
10/5/2023,0.30102,0.283163,0.415816
10/12/2023,0.4,0.235135,0.364865
10/19/2023,0.340659,0.313187,0.346154
10/26/2023,0.292804,0.275434,0.431762
11/2/2023,0.243094,0.254144,0.502762
11/9/2023,0.426036,0.301775,0.272189
11/16/2023,0.437838,0.281081,0.281081
11/23/2023,0.452991,0.310541,0.236467
11/30/2023,0.487578,0.31677,0.195652
12/7/2023,0.473118,0.252688,0.274194
12/14/2023,0.512968,0.293948,0.193084
12/21/2023,0.529248,0.261838,0.208914
12/28/2023,0.463291,0.286076,0.250633
1/4/2024,0.48564,0.279373,0.234987
1/11/2024,0.486,0.272,0.242
1/18/2024,0.404,0.329,0.268
1/25/2024,0.393,0.346,0.261
2/1/2024,0.491,0.264,0.245
2/8/2024,0.49,0.284,0.226
2/13/2024,0.422,0.311,0.268
2/20/2024,0.443,0.295,0.262
2/27/2024,0.465,0.322,0.213
3/5/2024,0.517,0.265,0.218
